param_noise_stddev,prob_satisfiability,reference_Q_mean,reference_Q_std,reference_action_mean,reference_action_std,reference_actor_Q_mean,reference_actor_Q_std,reference_perturbed_action_mean,reference_perturbed_action_std,rollout/Q_mean,rollout/actions_mean,rollout/actions_std,rollout/episode_steps,rollout/episodes,rollout/return,rollout/return_history,rollout/return_history_std,rollout/return_std,total/duration,total/episodes,total/epochs,total/steps,total/steps_per_second,train/loss_actor,train/loss_critic,train/param_noise_distance
0.17056425244126316,0.0,-2.8323991298675537,2.6971116065979004,-0.5363369584083557,0.7919527292251587,-2.715716600418091,2.632498264312744,-0.336212694644928,0.6234674453735352,-3.3016586303710938,-0.4208032190799713,0.49289339780807495,1000.0,2.0,-1132.297119140625,-1132.297119140625,27.0369873046875,27.0369873046875,30.916640996932983,2.0,1,2000,64.69008066556796,2.7402162551879883,0.05149684101343155,0.4395448863506317
0.16067924131698763,0.0,-4.883142471313477,4.398392200469971,-0.5686905980110168,0.7388828992843628,-4.88076114654541,4.338077068328857,-0.5073046684265137,0.8277290463447571,-4.329005718231201,-0.42761412262916565,0.6285163164138794,975.0,4.0,-817.8739013671875,-817.8739013671875,372.13580322265625,372.13580322265625,112.23912501335144,4.0,2,4000,35.638196569370784,3.997779130935669,0.046659719198942184,0.17402492463588715
0.15440959267203633,0.0,-6.388065338134766,5.910899639129639,-0.5039240121841431,0.8230290412902832,-6.341159820556641,5.863006591796875,-0.32502150535583496,0.8192940354347229,-6.032494068145752,-0.4520966112613678,0.7056481838226318,983.3333333333334,6.0,-796.1426391601562,-796.1426391601562,306.2433166503906,306.2433166503906,185.0089237689972,6.0,3,6000,32.4308680779724,5.2718586921691895,0.04921393468976021,0.7958970665931702
0.14259466822295333,0.0,-7.128767013549805,6.764106273651123,-0.5042536854743958,0.7414307594299316,-7.060587406158447,6.702698230743408,-0.6353974938392639,0.6256089210510254,-6.847468376159668,-0.4386284649372101,0.7375825047492981,987.5,8.0,-729.8338012695312,-729.8338012695312,289.4354553222656,289.4354553222656,257.9575822353363,8.0,4,8000,31.012850758934274,5.822145938873291,0.04898478463292122,0.6693845391273499
0.11921161154572088,0.0,-7.606235504150391,7.138012886047363,-0.5392358899116516,0.8048382997512817,-7.565003395080566,7.05851936340332,-0.5320575833320618,0.8193634152412415,-8.132977485656738,-0.4531349539756775,0.7591167092323303,990.0,10.0,-739.3746948242188,-739.3746948242188,259.58123779296875,259.58123779296875,333.1742284297943,10.0,5,10000,30.01432627946245,6.198953151702881,0.047550663352012634,0.1633531004190445
0.09769921704229322,0.0,-8.046557426452637,7.19152307510376,-0.5344926714897156,0.7109231352806091,-8.01404094696045,7.090763568878174,-0.5052629709243774,0.8590387105941772,-8.37083911895752,-0.45990467071533203,0.7770848274230957,991.6666666666666,12.0,-685.9107055664062,-685.9107055664062,275.62457275390625,275.62457275390625,410.2695755958557,12.0,6,12000,29.24906138255994,6.335508823394775,0.045313116163015366,0.3475904166698456
0.08167823703026889,0.0,-8.458203315734863,7.0329203605651855,-0.46014779806137085,0.8567278385162354,-8.477448463439941,6.893675804138184,-0.4878501892089844,0.8623830676078796,-9.203438758850098,-0.4615810215473175,0.7897932529449463,992.8571428571429,14.0,-695.1378173828125,-695.1378173828125,256.5979309082031,256.5979309082031,489.89414954185486,14.0,7,14000,28.577601943384483,6.532156944274902,0.04504084587097168,0.3582763373851776
0.07849118035809692,0.0,-9.217991828918457,6.599985122680664,-0.5000594258308411,0.8658891320228577,-9.264100074768066,6.459630012512207,-0.5001466870307922,0.8648520112037659,-9.21130084991455,-0.4250069260597229,0.8067779541015625,993.75,16.0,-668.6412353515625,-668.6412353515625,250.67236328125,250.67236328125,560.387574672699,16.0,8,16000,28.55166802965785,6.8743181228637695,0.04376501217484474,0.1956004500389099
0.07694459401832851,0.0,-9.281427383422852,6.72649621963501,-0.5003634691238403,0.865439772605896,-9.276200294494629,6.6247172355651855,-0.5001370310783386,0.8653205037117004,-9.658621788024902,-0.4328405261039734,0.8136948943138123,994.4444444444445,18.0,-652.7394409179688,-652.7394409179688,248.4169464111328,248.4169464111328,636.6573553085327,18.0,9,18000,28.272664801425183,7.354958534240723,0.04458053037524223,0.3651432991027832
0.0849947009834283,0.0,-9.254826545715332,6.960426330566406,-0.5006082653999329,0.8654109239578247,-9.235177040100098,6.887363433837891,-0.500700831413269,0.8653805255889893,-10.129637718200684,-0.4395560622215271,0.8193259239196777,995.0,20.0,-659.5389404296875,-659.5389404296875,236.85394287109375,236.85394287109375,709.2766952514648,20.0,10,20000,28.19774022451035,7.36918830871582,0.04751177132129669,0.08977174758911133
0.08670309447319521,0.0,-9.092524528503418,7.2251691818237305,-0.500744640827179,0.8653174042701721,-9.078513145446777,7.144424915313721,-0.5008257031440735,0.8653079867362976,-10.110137939453125,-0.4450509548187256,0.8238639831542969,995.4545454545455,22.0,-642.3226928710938,-642.3226928710938,241.57791137695312,241.57791137695312,783.9554569721222,22.0,11,22000,28.062818881280304,7.501802444458008,0.048443980515003204,0.35921990871429443
0.08167823703026889,0.0,-9.001550674438477,7.371423721313477,-0.2990818917751312,0.9159775376319885,-8.945616722106934,7.289565563201904,-0.3779730796813965,0.8916409611701965,-10.531907081604004,-0.4496297538280487,0.8275986909866333,995.8333333333334,24.0,-652.6245727539062,-652.6245727539062,233.81103515625,233.81103515625,854.7951216697693,24.0,12,24000,28.076903332248843,7.256086826324463,0.045892659574747086,0.23414961993694305
0.0833199695945773,0.0,-8.760660171508789,7.2542266845703125,-0.29678067564964294,0.92708820104599,-8.72668170928955,7.137600898742676,-0.30296701192855835,0.9319093823432922,-10.795458793640137,-0.45350319147109985,0.8307253122329712,996.1538461538462,26.0,-656.4711303710938,-656.4711303710938,225.82327270507812,225.82327270507812,931.6343841552734,26.0,13,26000,27.907943762267408,7.040126800537109,0.04051031544804573,0.44357702136039734
0.09577415649670935,0.0,-8.634839057922363,7.09763765335083,-0.3897407352924347,0.8895053863525391,-8.568571090698242,7.002319812774658,-0.4181356430053711,0.8738939762115479,-10.972996711730957,-0.45678552985191345,0.8333573937416077,996.4285714285714,28.0,-658.9169921875,-658.9169921875,217.81216430664062,217.81216430664062,1005.8841950893402,28.0,14,28000,27.836206331398923,6.866562366485596,0.037079378962516785,0.10805238783359528
0.09577415649670935,0.0,-8.439255714416504,7.173128604888916,-0.3545699119567871,0.8980490565299988,-8.3817138671875,7.092083930969238,-0.3063580095767975,0.9138855338096619,-11.098475456237793,-0.45966631174087524,0.8356443643569946,996.6666666666666,30.0,-658.2849731445312,-658.2849731445312,211.249267578125,211.249267578125,1081.7522740364075,30.0,15,30000,27.73278200567972,6.762369155883789,0.03612200915813446,0.5205574035644531
0.09577415649670935,0.0,-8.391190528869629,7.263363361358643,-0.3669738173484802,0.8956659436225891,-8.337323188781738,7.191926002502441,-0.3312380909919739,0.9043381214141846,-11.206771850585938,-0.46217992901802063,0.8376285433769226,996.875,32.0,-658.277587890625,-658.277587890625,204.83766174316406,204.83766174316406,1155.3970890045166,32.0,16,32000,27.696105784350742,6.612191200256348,0.03476746752858162,0.4226630628108978
0.09022358778821578,0.0,-8.430694580078125,7.302865028381348,-0.4043961465358734,0.8986988067626953,-8.384805679321289,7.221785068511963,-0.4182901382446289,0.8918191194534302,-11.334500312805176,-0.4644045829772949,0.8393726348876953,997.0588235294117,34.0,-658.96630859375,-658.96630859375,199.4181365966797,199.4181365966797,1232.7773406505585,34.0,17,34000,27.580000766446272,6.702301025390625,0.03154662251472473,0.32259517908096313
0.08006885308329467,0.0,-8.496123313903809,7.235602378845215,-0.49542587995529175,0.8653130531311035,-8.46321964263916,7.142396926879883,-0.4801460802555084,0.8583463430404663,-11.513083457946777,-0.46638211607933044,0.8409150242805481,997.2222222222222,36.0,-663.5132446289062,-663.5132446289062,194.7126007080078,194.7126007080078,1309.308483839035,36.0,18,36000,27.495430178871278,6.79411506652832,0.030397361144423485,0.23698090016841888
0.06965693719894053,0.0,-8.894440650939941,7.073727607727051,-0.4975831210613251,0.8664100170135498,-8.915928840637207,6.9607744216918945,-0.49286890029907227,0.8647832274436951,-11.644427299499512,-0.4681514799594879,0.8422887921333313,997.3684210526316,38.0,-665.1282958984375,-665.1282958984375,190.547119140625,190.547119140625,1383.4731810092926,38.0,19,38000,27.46710273940956,6.936995983123779,0.029624469578266144,0.3842298984527588
0.06305951655006926,0.0,-9.14022445678711,6.907847881317139,-0.49675047397613525,0.8669372797012329,-9.137361526489258,6.795108318328857,-0.49749308824539185,0.8663640022277832,-11.6832857131958,-0.46974077820777893,0.8435183167457581,997.5,40.0,-663.2166748046875,-663.2166748046875,186.39425659179688,186.39425659179688,1459.7573289871216,40.0,20,40000,27.401814812435095,6.941754341125488,0.02959703840315342,0.20572151243686676
0.060598955937205407,0.0,-9.039276123046875,6.815888404846191,-0.49560415744781494,0.8659921288490295,-8.967803001403809,6.715791702270508,-0.4947180151939392,0.8660579323768616,-11.68272876739502,-0.47096309065818787,0.8444848656654358,997.6190476190476,42.0,-660.4190673828125,-660.4190673828125,182.41273498535156,182.41273498535156,1532.1327123641968,42.0,21,42000,27.41276892077503,6.946044445037842,0.028202014043927193,0.2586476802825928
0.057086957702023974,0.0,-8.767980575561523,6.836243629455566,-0.4961041212081909,0.8666859269142151,-8.730993270874023,6.734548568725586,-0.49804753065109253,0.8662779927253723,-11.712276458740234,-0.47227826714515686,0.8454949259757996,997.7272727272727,44.0,-658.0905151367188,-658.0905151367188,179.135498046875,179.135498046875,1604.5565099716187,44.0,22,44000,27.421907378493184,6.945685386657715,0.02810296230018139,0.25158363580703735
0.05823440555183466,0.0,-8.692194938659668,6.912630081176758,-0.4981490969657898,0.8667382001876831,-8.636765480041504,6.82227897644043,-0.4985615611076355,0.8665737509727478,-11.828463554382324,-0.4734835624694824,0.8464168310165405,997.8260869565217,46.0,-660.2333374023438,-660.2333374023438,175.65867614746094,175.65867614746094,1683.1130394935608,46.0,23,46000,27.33030932601006,7.109464168548584,0.02806129865348339,0.14955106377601624
0.057086957702023974,0.0,-8.857063293457031,6.991447448730469,-0.499565064907074,0.8656119108200073,-8.860135078430176,6.908406734466553,-0.49963003396987915,0.8658937215805054,-11.932581901550293,-0.47458842396736145,0.8472594022750854,997.9166666666666,48.0,-663.0360717773438,-663.0360717773438,172.81353759765625,172.81353759765625,1757.2702133655548,48.0,24,48000,27.315093395949365,7.085805892944336,0.029030822217464447,0.16127876937389374
0.04966353924655011,0.0,-9.04001522064209,7.014714241027832,-0.5373994708061218,0.8215043544769287,-9.033493041992188,6.923811435699463,-0.5779606103897095,0.809796929359436,-12.060392379760742,-0.4756048917770386,0.8480326533317566,998.0,50.0,-666.36376953125,-666.36376953125,170.13253784179688,170.13253784179688,1831.09330368042,50.0,25,50000,27.306090792589387,6.900599956512451,0.028896791860461235,0.29886987805366516
0.046785300513072836,0.0,-9.165691375732422,7.042914390563965,-0.5023025274276733,0.862864077091217,-9.1644868850708,6.9466681480407715,-0.5001363158226013,0.8655683398246765,-12.117218017578125,-0.4765431582927704,0.848744809627533,998.0769230769231,52.0,-667.0555419921875,-667.0555419921875,166.9452667236328,166.9452667236328,1906.5642716884613,52.0,26,52000,27.274191996658253,6.8392181396484375,0.027708839625120163,0.2168993055820465
0.046785300513072836,0.0,-9.272751808166504,7.033757209777832,-0.5009253025054932,0.8644483089447021,-9.272910118103027,6.947850227355957,-0.508636474609375,0.8525894284248352,-12.172171592712402,-0.4774119257926941,0.8494026064872742,998.1481481481482,54.0,-667.7843627929688,-667.7843627929688,164.6641387939453,164.6641387939453,1982.4860277175903,54.0,27,54000,27.238527407010015,6.914081573486328,0.027200736105442047,0.333112895488739
0.045863445263280886,0.0,-9.368252754211426,7.129627704620361,-0.4993520975112915,0.8659401535987854,-9.380523681640625,7.053005695343018,-0.4999886155128479,0.8660181164741516,-12.164880752563477,-0.4782186448574066,0.8500122427940369,998.2142857142857,56.0,-665.5118408203125,-665.5118408203125,162.12893676757812,162.12893676757812,2062.693993806839,56.0,28,56000,27.14896158525593,7.030210971832275,0.028136800974607468,0.19773279130458832
0.046785300513072836,0.0,-9.353639602661133,7.161373138427734,-0.5006693601608276,0.8650091290473938,-9.344578742980957,7.079765796661377,-0.5008997917175293,0.8645772337913513,-12.148229598999023,-0.4789697229862213,0.8505786657333374,998.2758620689655,58.0,-662.1297607421875,-662.1297607421875,163.2091064453125,163.2091064453125,2138.8097507953644,58.0,29,58000,27.117886468598435,7.14262580871582,0.028061384335160255,0.054799389094114304
0.051680078090752424,0.0,-9.249214172363281,7.2014265060424805,-0.5002307891845703,0.8653644323348999,-9.228116989135742,7.127001762390137,-0.5001092553138733,0.8657635450363159,-12.216891288757324,-0.4796707332134247,0.8511065244674683,998.3333333333334,60.0,-663.5342407226562,-663.5342407226562,160.65457153320312,160.65457153320312,2216.722220182419,60.0,30,60000,27.06699082714228,7.141662120819092,0.028089432045817375,0.1849178820848465
0.057086957702023974,0.0,-9.1270170211792,7.313802719116211,-0.4991467297077179,0.8660165071487427,-9.102607727050781,7.246361255645752,-0.4975512623786926,0.8665831089019775,-12.227042198181152,-0.48032650351524353,0.8515993356704712,998.3870967741935,62.0,-662.5831298828125,-662.5831298828125,158.6911163330078,158.6911163330078,2297.552376270294,62.0,31,62000,26.985239004930545,7.268970489501953,0.02756570652127266,0.10504376143217087
0.054859444277966955,0.0,-9.166987419128418,7.3813323974609375,-0.4989627003669739,0.8661489486694336,-9.150404930114746,7.31903076171875,-0.4959488809108734,0.8682159185409546,-12.302331924438477,-0.4809413254261017,0.8520607352256775,998.4375,64.0,-664.8610229492188,-664.8610229492188,156.70960998535156,156.70960998535156,2372.4926178455353,64.0,32,64000,26.975847898788622,7.251669406890869,0.02767190895974636,0.1538337618112564
0.057086957702023974,0.0,-9.224245071411133,7.454207897186279,-0.4985291063785553,0.866628110408783,-9.236441612243652,7.391167640686035,-0.499921977519989,0.8659849762916565,-12.35666561126709,-0.48151886463165283,0.8524935245513916,998.4848484848485,66.0,-665.77001953125,-665.77001953125,154.7282257080078,154.7282257080078,2447.1455335617065,66.0,33,66000,26.970198173682,7.329045295715332,0.027416858822107315,0.2604878544807434
0.05823440555183466,0.0,-9.292363166809082,7.488334655761719,-0.49863025546073914,0.8664969801902771,-9.284441947937012,7.428250789642334,-0.4984440505504608,0.8663991689682007,-12.426718711853027,-0.4820623993873596,0.8529003858566284,998.5294117647059,68.0,-667.9996337890625,-667.9996337890625,152.9959259033203,152.9959259033203,2523.7499346733093,68.0,34,68000,26.94403239630093,7.268926620483398,0.027684621512889862,0.18804849684238434
0.054859444277966955,0.0,-9.201322555541992,7.523067951202393,-0.49880680441856384,0.8663528561592102,-9.171564102172852,7.463919162750244,-0.49887940287590027,0.866243302822113,-12.4793701171875,-0.4825748801231384,0.8532833456993103,998.5714285714286,70.0,-669.0742797851562,-669.0742797851562,150.9818572998047,150.9818572998047,2601.6955029964447,70.0,35,70000,26.90553138112399,7.353976249694824,0.02803306095302105,0.18069328367710114
0.051680078090752424,0.0,-9.234225273132324,7.501735210418701,-0.49862512946128845,0.8664312958717346,-9.217497825622559,7.428061485290527,-0.4979313015937805,0.8658223152160645,-12.470168113708496,-0.4830589294433594,0.8536444902420044,998.6111111111111,72.0,-667.3683471679688,-667.3683471679688,149.21559143066406,149.21559143066406,2679.1742084026337,72.0,36,72000,26.873952344788936,7.2211103439331055,0.027550410479307175,0.2051510363817215
0.05377849649835011,0.0,-9.189383506774902,7.464966773986816,-0.49850666522979736,0.8662132024765015,-9.172054290771484,7.394165515899658,-0.5052815079689026,0.8566532135009766,-12.501956939697266,-0.48351678252220154,0.8539859056472778,998.6486486486486,74.0,-667.3949584960938,-667.3949584960938,147.87245178222656,147.87245178222656,2759.4967002868652,74.0,37,74000,26.816484322053107,7.2543768882751465,0.027066105976700783,0.1767822951078415
0.05377849649835011,0.0,-9.154928207397461,7.437453746795654,-0.498896986246109,0.8661373257637024,-9.116851806640625,7.364389896392822,-0.5445160865783691,0.8265781998634338,-12.513346672058105,-0.48395055532455444,0.8543091416358948,998.6842105263158,76.0,-667.2244262695312,-667.2244262695312,146.80116271972656,146.80116271972656,2838.9734060764313,76.0,38,76000,26.770240199267974,7.260992050170898,0.02773580327630043,0.32003194093704224
0.05377849649835011,0.0,-9.065540313720703,7.387421131134033,-0.4996493458747864,0.8656025528907776,-9.026378631591797,7.313036918640137,-0.5190538763999939,0.8451197147369385,-12.540047645568848,-0.48436206579208374,0.8546152710914612,998.7179487179487,78.0,-667.0269165039062,-667.0269165039062,145.1453094482422,145.1453094482422,2916.737221479416,78.0,39,78000,26.742210242867593,7.3014678955078125,0.027164291590452194,0.22928206622600555
0.05377849649835011,0.0,-9.10120964050293,7.40936803817749,-0.4997384250164032,0.8654544353485107,-9.07851791381836,7.341493606567383,-0.5424924492835999,0.8306602835655212,-12.544462203979492,-0.4847530126571655,0.8549060225486755,998.75,80.0,-665.8665771484375,-665.8665771484375,145.12245178222656,145.12245178222656,2994.37109041214,80.0,40,80000,26.716795475402797,7.314075469970703,0.02650134079158306,0.18513993918895721
0.05377849649835011,0.0,-9.05044937133789,7.435043811798096,-0.49952179193496704,0.8650003671646118,-9.029739379882812,7.369788646697998,-0.5514784455299377,0.8210873007774353,-12.51323127746582,-0.4851249158382416,0.8551820516586304,998.780487804878,82.0,-663.30908203125,-663.30908203125,144.92381286621094,144.92381286621094,3073.978615999222,82.0,41,82000,26.67552714036862,7.32771110534668,0.026504378765821457,0.3293343782424927
0.054859444277966955,0.0,-9.057124137878418,7.513297080993652,-0.49978336691856384,0.8648204207420349,-9.03693962097168,7.4522857666015625,-0.5168390870094299,0.8464264273643494,-12.48171615600586,-0.48547908663749695,0.8554445505142212,998.8095238095239,84.0,-661.119140625,-661.119140625,143.8735809326172,143.8735809326172,3153.065120458603,84.0,42,84000,26.64074378133442,7.3310651779174805,0.02630804479122162,0.23128803074359894
0.054859444277966955,0.0,-9.051432609558105,7.523870944976807,-0.49976658821105957,0.8654052019119263,-9.025765419006348,7.449528217315674,-0.5385075211524963,0.8354709148406982,-12.52424430847168,-0.4858167767524719,0.8556949496269226,998.8372093023256,86.0,-662.3905029296875,-662.3905029296875,142.58218383789062,142.58218383789062,3228.6170341968536,86.0,43,86000,26.63679187996146,7.373057842254639,0.026284873485565186,0.1906544417142868
0.05823440555183466,0.0,-9.007244110107422,7.4796857833862305,-0.49905192852020264,0.8662353754043579,-8.982150077819824,7.397295951843262,-0.5008116364479065,0.865531325340271,-12.584254264831543,-0.48613911867141724,0.8559341430664062,998.8636363636364,88.0,-664.3980102539062,-664.3980102539062,141.57032775878906,141.57032775878906,3310.0618114471436,88.0,44,88000,26.58560625534869,7.2731194496154785,0.025731757283210754,0.1495053917169571
0.057086957702023974,0.0,-8.948554992675781,7.426095008850098,-0.497702956199646,0.8669017553329468,-8.936847686767578,7.342595100402832,-0.4989338219165802,0.8664351105690002,-12.645817756652832,-0.48644712567329407,0.8561618328094482,998.8888888888889,90.0,-666.793212890625,-666.793212890625,140.88720703125,140.88720703125,3383.5526106357574,90.0,45,90000,26.59926129627679,7.273919105529785,0.02584218420088291,0.23664838075637817
0.05823440555183466,0.0,-9.114541053771973,7.353148460388184,-0.4991670846939087,0.8664394617080688,-9.10157585144043,7.269518852233887,-0.49669381976127625,0.8678956031799316,-12.662382125854492,-0.4867417514324188,0.8563797473907471,998.9130434782609,92.0,-666.7440795898438,-666.7440795898438,139.9567413330078,139.9567413330078,3461.496691465378,92.0,46,92000,26.57809849330032,7.286900520324707,0.025215517729520798,0.2716236114501953
0.055962119107954095,0.0,-9.146154403686523,7.286244869232178,-0.4991416931152344,0.8664405345916748,-9.124285697937012,7.2048516273498535,-0.4983989894390106,0.8664334416389465,-12.687922477722168,-0.48702386021614075,0.8565882444381714,998.936170212766,94.0,-667.2266845703125,-667.2266845703125,138.73304748535156,138.73304748535156,3543.9864716529846,94.0,47,94000,26.523803279688188,7.314655780792236,0.024914076551795006,0.14265234768390656
0.052718847660376544,0.0,-9.041955947875977,7.273054122924805,-0.4996444284915924,0.8657131791114807,-9.037860870361328,7.201568126678467,-0.5008326172828674,0.8655436038970947,-12.703963279724121,-0.48729419708251953,0.8567882180213928,998.9583333333334,96.0,-667.4208984375,-667.4208984375,138.0437774658203,138.0437774658203,3631.6640725135803,96.0,48,96000,26.434162985112113,7.204146862030029,0.02438606694340706,0.22375990450382233
0.055962119107954095,0.0,-8.848478317260742,7.352960109710693,-0.5774129629135132,0.8116500377655029,-8.776997566223145,7.28809928894043,-0.5816457867622375,0.8134050965309143,-12.723936080932617,-0.4875534772872925,0.8569793701171875,998.9795918367347,98.0,-667.5068359375,-667.5068359375,136.6676483154297,136.6676483154297,3720.001133918762,98.0,49,98000,26.344077991385937,7.178547382354736,0.024743426591157913,0.3154054880142212
0.05940491710342653,0.0,-8.673666000366211,7.362828254699707,-0.5796148180961609,0.8121362924575806,-8.62243938446045,7.29288387298584,-0.5409033298492432,0.8326457142829895,-12.753608703613281,-0.4878024160861969,0.8571630120277405,999.0,100.0,-668.1528930664062,-668.1528930664062,135.5424346923828,135.5424346923828,3812.219346523285,100.0,50,100000,26.231439198586315,7.167516708374023,0.02388119138777256,0.11300359666347504
0.057086957702023974,0.0,-8.553386688232422,7.33473014831543,-0.5346952080726624,0.8394287824630737,-8.491453170776367,7.251867294311523,-0.5436025261878967,0.8295785188674927,-12.802566528320312,-0.48804157972335815,0.8573394417762756,999.0196078431372,102.0,-669.869873046875,-660.6212768554688,118.93592071533203,134.75718688964844,3899.7613048553467,102.0,51,102000,26.155446968768636,7.089506149291992,0.024401500821113586,0.28721392154693604
0.05940491710342653,0.0,-8.459145545959473,7.425417423248291,-0.4967030882835388,0.8678000569343567,-8.40951156616211,7.3705291748046875,-0.49959656596183777,0.8659104108810425,-12.83989429473877,-0.488271564245224,0.8575087785720825,999.0384615384615,104.0,-671.1753540039062,-665.307373046875,110.52342987060547,133.9132843017578,3987.5445659160614,104.0,52,104000,26.081213207985304,7.064487934112549,0.023464716970920563,0.15286846458911896
0.06181699495154324,0.0,-8.579961776733398,7.457894802093506,-0.49833303689956665,0.8669828176498413,-8.548480987548828,7.391300678253174,-0.49816420674324036,0.8669090867042542,-12.7787504196167,-0.48849308490753174,0.8576713800430298,999.0566037735849,106.0,-667.5007934570312,-659.7822875976562,113.84593963623047,136.12042236328125,4071.523448228836,106.0,53,106000,26.034481035866644,7.073846817016602,0.024018723517656326,0.18594355881214142
0.06181699495154324,0.0,-8.777274131774902,7.4265971183776855,-0.5001274347305298,0.8654446005821228,-8.765629768371582,7.367842197418213,-0.5004857182502747,0.8652844429016113,-12.783299446105957,-0.48870617151260376,0.8578282594680786,999.074074074074,108.0,-667.2173461914062,-662.2080688476562,112.85456848144531,135.3210906982422,4164.56117105484,108.0,54,108000,25.933104489048656,7.130395412445068,0.0233414676040411,0.16019509732723236
0.055962119107954095,0.0,-8.66871452331543,7.500259876251221,-0.5001320838928223,0.8658050894737244,-8.611964225769043,7.44373893737793,-0.5007685422897339,0.8655117154121399,-12.822357177734375,-0.488911509513855,0.8579791188240051,999.0909090909091,110.0,-668.4658813476562,-661.3751831054688,112.19171905517578,134.42913818359375,4251.710031032562,110.0,55,110000,25.87194309986507,7.225377082824707,0.023457137867808342,0.3678912818431854
0.054859444277966955,0.0,-8.474791526794434,7.576038837432861,-0.49836933612823486,0.8668776154518127,-8.401413917541504,7.527174949645996,-0.4992029368877411,0.8663447499275208,-12.850114822387695,-0.48910951614379883,0.858124852180481,999.1071428571429,112.0,-669.2060546875,-667.2014770507812,103.85482025146484,133.42868041992188,4340.846596002579,112.0,56,112000,25.801418576537383,7.261396884918213,0.02354889176785946,0.20458517968654633
0.05823440555183466,0.0,-8.243447303771973,7.622730255126953,-0.5008445382118225,0.8654223680496216,-8.172464370727539,7.579157829284668,-0.49916666746139526,0.8665016889572144,-12.860837936401367,-0.48930057883262634,0.8582653999328613,999.1228070175439,114.0,-669.3466796875,-665.73583984375,103.1408462524414,132.3278350830078,4429.853394508362,114.0,57,114000,25.734485963197898,7.348440647125244,0.023601848632097244,0.11311064660549164
0.057086957702023974,0.0,-8.131534576416016,7.630465984344482,-0.4993661046028137,0.8662164807319641,-8.0689115524292,7.581523895263672,-0.4999868869781494,0.8660174608230591,-12.872919082641602,-0.4894850552082062,0.8584009408950806,999.1379310344828,116.0,-669.316162109375,-669.4241333007812,99.56254577636719,131.19691467285156,4517.687748432159,116.0,58,116000,25.676852066692128,7.4418110847473145,0.023786358535289764,0.14177657663822174
0.06181699495154324,0.0,-8.09627914428711,7.631308078765869,-0.4995071291923523,0.8660784959793091,-8.024999618530273,7.575026512145996,-0.499093234539032,0.8664688467979431,-12.875226020812988,-0.4896632730960846,0.8585317730903625,999.1525423728814,118.0,-668.8724975585938,-671.7764282226562,93.91354370117188,130.13360595703125,4603.570353984833,118.0,59,118000,25.632279063110147,7.337681293487549,0.024514932185411453,0.19018036127090454
0.0682844203499074,0.0,-8.005369186401367,7.5768303871154785,-0.49774160981178284,0.8671241998672485,-7.940276622772217,7.5237555503845215,-0.4991682469844818,0.8665024042129517,-12.893768310546875,-0.48983556032180786,0.8586581349372864,999.1666666666666,120.0,-669.2813720703125,-671.2298583984375,93.62782287597656,129.12818908691406,4688.176575422287,120.0,60,120000,25.5963055293392,7.39849853515625,0.023936547338962555,0.14982733130455017
0.07694459401832851,0.0,-8.117578506469727,7.553221702575684,-0.22244985401630402,0.9672551155090332,-8.053059577941895,7.484620094299316,-0.03154057636857033,0.9972734451293945,-12.8653564453125,-0.4889579713344574,0.8589882850646973,999.1803278688525,122.0,-667.2793579101562,-672.769775390625,85.50189971923828,129.04733276367188,4776.705915689468,122.0,61,122000,25.540613584621433,7.322917461395264,0.02310510165989399,0.16199134290218353
0.09203708190275892,0.0,-8.129780769348145,7.400816440582275,-0.19244571030139923,0.9721130728721619,-8.078903198242188,7.326364517211914,-0.22962695360183716,0.9653280973434448,-12.843609809875488,-0.4810715317726135,0.863645076751709,999.1935483870968,124.0,-665.9005737304688,-669.0867919921875,85.38007354736328,128.4599609375,4865.485150337219,124.0,62,124000,25.485639390227252,7.477166652679443,0.02314724400639534,0.1700482815504074
0.08844582667210643,0.0,-8.2543306350708,7.289821624755859,-0.19019734859466553,0.9753484129905701,-8.196514129638672,7.2034759521484375,-0.08271228522062302,0.9962441325187683,-12.848694801330566,-0.47343549132347107,0.8680619597434998,999.2063492063492,126.0,-665.7522583007812,-668.1652221679688,85.56275939941406,127.88946533203125,4950.8337161540985,126.0,63,126000,25.450258930909758,7.478855609893799,0.025929396972060204,0.3147152066230774
0.08006885308329467,0.0,-8.290745735168457,7.139169216156006,-0.07974044978618622,0.9952756762504578,-8.244816780090332,7.048524856567383,-0.07671716064214706,0.9932405948638916,-12.871586799621582,-0.4660380482673645,0.8722556233406067,999.21875,128.0,-666.4663696289062,-668.580078125,85.91522979736328,127.12460327148438,5039.4062786102295,128.0,64,128000,25.399817542653043,7.427839279174805,0.022612545639276505,0.2798422574996948
0.07849118035809692,0.0,-8.312250137329102,7.031138896942139,-0.08114258944988251,0.9954927563667297,-8.255728721618652,6.938304901123047,-0.22957102954387665,0.9567512273788452,-12.84656810760498,-0.45886823534965515,0.8762415051460266,999.2307692307693,130.0,-664.9630126953125,-666.9664916992188,86.44664764404297,126.72893524169922,5126.448187351227,130.0,65,130000,25.358687974406198,7.38534688949585,0.021738892421126366,0.12420029193162918
0.07542848153938683,0.0,-8.346569061279297,7.0247416496276855,-0.08514577150344849,0.992422878742218,-8.294331550598145,6.932796001434326,-0.08282122015953064,0.995466947555542,-12.879634857177734,-0.4519156813621521,0.8800339102745056,999.2424242424242,132.0,-666.2327880859375,-668.7783813476562,86.97578430175781,126.18596649169922,5217.04657125473,132.0,66,132000,25.301671778684778,7.339685440063477,0.021784907206892967,0.1501217484474182
0.07694459401832851,0.0,-8.460027694702148,7.038883209228516,-0.15183532238006592,0.9683379530906677,-8.431062698364258,6.961276531219482,-0.11966338008642197,0.9724894165992737,-12.880621910095215,-0.44517067074775696,0.8836451172828674,999.2537313432836,134.0,-665.7848510742188,-668.1032104492188,87.06684112548828,125.55191040039062,5303.495752573013,134.0,67,134000,25.266353788440263,7.284659385681152,0.02208748273551464,0.30320706963539124
0.07694459401832851,0.0,-8.52746868133545,7.07752799987793,-0.08196942508220673,0.9954811334609985,-8.485201835632324,7.000715255737305,-0.18926836550235748,0.9794909358024597,-12.83049201965332,-0.43862414360046387,0.8870869278907776,999.2647058823529,136.0,-662.640869140625,-662.3267211914062,95.49078369140625,129.3863983154297,5391.509013414383,136.0,68,136000,25.22484886172391,7.343449592590332,0.021921735256910324,0.3154004216194153
0.07849118035809692,0.0,-8.42518138885498,7.0972208976745605,-0.07095468789339066,0.9897559285163879,-8.3717622756958,7.013515472412109,-0.10315021872520447,0.9843358397483826,-12.842083930969238,-0.43226727843284607,0.8903703093528748,999.2753623188406,138.0,-662.7098999023438,-661.7908325195312,95.05848693847656,128.6392059326172,5482.491860151291,138.0,69,138000,25.17103600336068,7.307122707366943,0.02232959307730198,0.18680080771446228
0.08006885308329467,0.0,-8.416953086853027,7.159789085388184,-1.8285116311744787e-05,0.999981701374054,-8.358468055725098,7.077795505523682,0.0,1.0,-12.84990119934082,-0.4260920286178589,0.893504798412323,999.2857142857143,140.0,-663.0405883789062,-662.9701538085938,94.60364532470703,127.7469482421875,5571.846529722214,140.0,70,140000,25.126320198015172,7.3691182136535645,0.022094089537858963,0.3948580324649811
0.08167823703026889,0.0,-8.401351928710938,7.192663669586182,0.0,1.0,-8.354541778564453,7.110188961029053,0.0,1.0,-12.850301742553711,-0.4200907349586487,0.8964998722076416,999.2957746478874,142.0,-662.920166015625,-663.9705200195312,94.76504516601562,127.15576171875,5659.9917249679565,142.0,71,142000,25.08837590231705,7.3957743644714355,0.022119171917438507,0.11493109166622162
0.0833199695945773,0.0,-8.479568481445312,7.125629425048828,0.0,1.0,-8.437702178955078,7.041022300720215,0.0,1.0,-12.852726936340332,-0.41425612568855286,0.8993638157844543,999.3055555555555,144.0,-662.1398315429688,-663.9215087890625,94.54265594482422,126.56820678710938,5743.310611009598,144.0,72,144000,25.072647076402284,7.306919097900391,0.021996404975652695,0.14006216824054718
0.0849947009834283,0.0,-8.283863067626953,7.1563191413879395,0.0,1.0,-8.23846435546875,7.082897663116455,0.0,1.0,-12.845252990722656,-0.40858137607574463,0.9021045565605164,999.3150684931506,146.0,-661.798583984375,-662.5186157226562,94.46977996826172,125.8394546508789,5830.161880731583,146.0,73,146000,25.04218630404128,7.328728675842285,0.022324321791529655,0.16708016395568848
0.09022358778821578,0.0,-8.2347993850708,7.196991443634033,0.0,1.0,-8.18223762512207,7.125359058380127,0.0,1.0,-12.837307929992676,-0.4030601382255554,0.904728353023529,999.3243243243244,148.0,-660.2866821289062,-658.9669799804688,96.04991149902344,126.1860580444336,5914.9279980659485,148.0,74,148000,25.021437293639543,7.3270416259765625,0.022191260010004044,0.1426229029893875
0.09203708190275892,0.0,-8.25473403930664,7.1771745681762695,0.0,1.0,-8.18653678894043,7.094173908233643,0.0,1.0,-12.8408784866333,-0.3976860046386719,0.9072431325912476,999.3333333333334,150.0,-660.2322998046875,-657.16650390625,95.41027069091797,125.44282531738281,6002.130767583847,150.0,75,150000,24.991124953510866,7.42971134185791,0.02234000898897648,0.30687516927719116
0.09388702724900437,0.0,-8.029245376586914,7.049975395202637,0.0,1.0,-7.923794746398926,6.9570231437683105,-3.3315022847091313e-06,0.9999966621398926,-12.863946914672852,-0.39245331287384033,0.9096546769142151,999.3421052631579,152.0,-661.104736328125,-658.0103759765625,95.79006958007812,124.859130859375,6086.821174144745,152.0,76,152000,24.97198384037583,7.4018073081970215,0.12740223109722137,0.07796399295330048
0.09203708190275892,0.0,-7.98726224899292,6.954294681549072,0.0,1.0,-7.900732517242432,6.85020112991333,0.0,1.0,-12.867401123046875,-0.3873565196990967,0.9119682312011719,999.3506493506494,154.0,-660.89013671875,-657.1671752929688,95.774169921875,124.45707702636719,6172.143204689026,154.0,77,154000,24.950814472840648,7.365538120269775,0.02367711253464222,0.3246511220932007
0.09203708190275892,0.0,-7.931094646453857,6.872249126434326,0.0,1.0,-7.855883598327637,6.771840572357178,0.0,1.0,-12.870996475219727,-0.38239040970802307,0.9141900539398193,999.3589743589744,156.0,-660.899658203125,-658.3167724609375,96.0525131225586,123.9435043334961,6261.550966978073,156.0,78,156000,24.913955156271474,7.347708225250244,0.10406316071748734,0.21356414258480072
0.0849947009834283,0.0,-8.026707649230957,6.815314292907715,0.0,1.0,-7.970683574676514,6.721070766448975,0.0,1.0,-12.875177383422852,-0.37755000591278076,0.9163244366645813,999.367088607595,158.0,-660.8131103515625,-660.0494384765625,92.52251434326172,123.27694702148438,6348.049321174622,158.0,79,158000,24.889535667748124,7.438452243804932,0.022003542631864548,0.2757479250431061
0.0833199695945773,0.0,-8.04757022857666,6.761490345001221,0.0,1.0,-7.972905158996582,6.6535749435424805,-4.577636616431846e-07,0.9999995231628418,-12.882109642028809,-0.3728306293487549,0.9183758497238159,999.375,160.0,-660.912109375,-659.3388061523438,92.36795043945312,122.53666687011719,6441.5239799022675,160.0,80,160000,24.838842562599226,7.364072799682617,0.021966490894556046,0.36044007539749146
0.08167823703026889,0.0,-8.160225868225098,6.786768436431885,0.0,1.0,-8.105952262878418,6.692867279052734,-2.0192464944557287e-05,0.9999802112579346,-12.836825370788574,-0.3682277798652649,0.9203492403030396,999.3827160493827,162.0,-658.1753540039062,-655.4425048828125,101.76380157470703,126.65878295898438,6529.1057715415955,162.0,81,162000,24.811973594624426,7.3550004959106445,0.0217647273093462,0.3805403411388397
0.07394224246582377,0.0,-8.167695999145508,6.836729526519775,0.0,1.0,-8.097283363342285,6.737600326538086,0.0,1.0,-12.785048484802246,-0.36373719573020935,0.9222476482391357,999.390243902439,164.0,-654.9611206054688,-648.625244140625,110.53722381591797,130.75390625,6613.221986293793,164.0,82,164000,24.79880462804629,7.4754533767700195,0.02221512235701084,0.16536171734333038
0.07542848153938683,0.0,-8.222311019897461,6.914725303649902,0.0,1.0,-8.095600128173828,6.78959321975708,0.0,1.0,-12.783928871154785,-0.35935482382774353,0.9240757822990417,999.3975903614457,166.0,-654.7960815429688,-647.5532836914062,110.75012969970703,130.3343048095703,6696.640014886856,166.0,83,166000,24.788550621054203,7.371118068695068,0.11330786347389221,0.12137473374605179
0.0724852881735357,0.0,-8.242660522460938,6.915269374847412,0.0,1.0,-8.16834831237793,6.820340633392334,0.0,1.0,-12.814043045043945,-0.35507678985595703,0.9258375763893127,999.4047619047619,168.0,-655.9943237304688,-647.8307495117188,111.01859283447266,130.03443908691406,6782.846119880676,168.0,84,168000,24.768363756268652,7.4365153312683105,0.02162836119532585,0.43593183159828186
0.07694459401832851,0.0,-7.908393383026123,6.952304363250732,0.0,1.0,-7.916279315948486,6.818177700042725,0.0,1.0,-12.821980476379395,-0.35089942812919617,0.927534818649292,999.4117647058823,170.0,-656.0595703125,-646.9492797851562,110.89463806152344,129.37872314453125,6866.803914785385,170.0,85,170000,24.75678672489269,7.423485279083252,0.1148838922381401,0.2286718189716339
0.08670309447319521,0.0,-8.048909187316895,6.8689093589782715,0.0,1.0,-7.9838361740112305,6.761649131774902,0.0,1.0,-12.825468063354492,-0.3468191921710968,0.9291718006134033,999.4186046511628,172.0,-656.074951171875,-647.9436645507812,111.40240478515625,128.947998046875,6951.425250530243,172.0,86,172000,24.743127315780335,7.453451156616211,0.021492013707756996,0.1724831908941269
0.08670309447319521,0.0,-8.071166038513184,6.909709453582764,0.0,1.0,-7.992099761962891,6.819936275482178,-5.086263286102621e-07,0.999999463558197,-12.829261779785156,-0.3428327739238739,0.9307507276535034,999.4252873563219,174.0,-656.1867065429688,-647.8926391601562,111.72300720214844,128.70892333984375,7040.049640655518,174.0,87,174000,24.715734814591222,7.467859268188477,0.021336613222956657,0.23304258286952972
0.0849947009834283,0.0,-8.001562118530273,6.927614688873291,0.0,1.0,-7.935038089752197,6.829038619995117,0.0,1.0,-12.840047836303711,-0.3389369547367096,0.932275116443634,999.4318181818181,176.0,-655.9844360351562,-647.4420776367188,111.19808197021484,128.16990661621094,7128.386719703674,176.0,88,176000,24.69001850215504,7.436805248260498,0.021253833547234535,0.12573747336864471
0.0849947009834283,0.0,-8.03388500213623,6.888343811035156,0.0,1.0,-7.956799507141113,6.784336090087891,-2.670288040462765e-06,0.9999973177909851,-12.848518371582031,-0.33512866497039795,0.9337472319602966,999.438202247191,178.0,-656.1878662109375,-647.7333374023438,111.64170837402344,127.77125549316406,7215.163092851639,178.0,89,178000,24.67026700704132,7.391448974609375,0.021443979814648628,0.1693974733352661
0.0833199695945773,0.0,-8.078103065490723,6.8919243812561035,0.0,1.0,-8.001431465148926,6.787907600402832,0.0,1.0,-12.871391296386719,-0.33140501379966736,0.9351691603660583,999.4444444444445,180.0,-657.2005004882812,-650.2677612304688,110.76534271240234,127.4221420288086,7298.93022608757,180.0,90,180000,24.66114819904026,7.446506977081299,0.02148555964231491,0.19089864194393158
0.07849118035809692,0.0,-8.192546844482422,6.941786766052246,0.0,1.0,-8.139300346374512,6.851332187652588,-0.00044718425488099456,0.9996736645698547,-12.892234802246094,-0.3277631998062134,0.9365435838699341,999.4505494505495,182.0,-658.2462158203125,-654.0946655273438,110.23902130126953,127.1264877319336,7383.815711736679,182.0,91,182000,24.648502495899027,7.356256008148193,0.02130904607474804,0.30599841475486755
0.08167823703026889,0.0,-8.321701049804688,6.967672348022461,0.0,1.0,-8.280625343322754,6.881181716918945,-1.3224283748058951e-06,0.9999986886978149,-12.894301414489746,-0.3242005705833435,0.937872052192688,999.4565217391304,184.0,-657.6817016601562,-654.7942504882812,111.6273193359375,127.40425109863281,7470.656640529633,184.0,92,184000,24.629695735414675,7.320745468139648,0.021053297445178032,0.24395810067653656
0.07849118035809692,0.0,-8.359123229980469,6.972634792327881,0.0,1.0,-8.302191734313965,6.879027843475342,-2.5431316430513107e-07,0.9999997019767761,-12.883371353149414,-0.32071453332901,0.9391576647758484,999.4623655913979,186.0,-656.9736328125,-652.3150634765625,111.4991455078125,126.9207763671875,7552.981171131134,186.0,93,186000,24.62603782343928,7.4048991203308105,0.02147134579718113,0.2956765592098236
0.07694459401832851,0.0,-8.402569770812988,6.985396862030029,0.0,1.0,-8.379652976989746,6.87253475189209,0.0,1.0,-12.834818840026855,-0.3173026740550995,0.9404011368751526,999.468085106383,188.0,-653.9759521484375,-644.8045043945312,120.86598205566406,131.3299102783203,7634.794292449951,188.0,94,188000,24.624108102809426,7.437765121459961,0.10967680811882019,0.14766369760036469
0.07694459401832851,0.0,-8.461106300354004,7.0150322914123535,0.0,1.0,-8.419926643371582,6.954529285430908,0.0,1.0,-12.840261459350586,-0.3139626383781433,0.9416053295135498,999.4736842105264,190.0,-654.0299072265625,-642.5429077148438,119.97473907470703,130.861083984375,7717.149725437164,190.0,95,190000,24.620489009527,7.397329330444336,0.18351632356643677,0.10792598128318787
0.08006885308329467,0.0,-8.372969627380371,7.036646366119385,0.0,1.0,-8.359848976135254,6.946051120758057,0.0,1.0,-12.849640846252441,-0.3106921911239624,0.942771315574646,999.4791666666666,192.0,-654.30029296875,-642.8519897460938,119.98687744140625,130.48634338378906,7800.5957467556,192.0,96,192000,24.61350469031241,7.412622451782227,0.2098485380411148,0.12861785292625427
0.08167823703026889,0.0,-8.556360244750977,6.994365692138672,0.0,1.0,-8.504962921142578,6.906463146209717,0.0,1.0,-12.834417343139648,-0.30748918652534485,0.943901002407074,999.4845360824743,194.0,-653.4979248046875,-640.5927734375,119.91233825683594,130.0569305419922,7882.247105121613,194.0,97,194000,24.612270766536295,7.3873677253723145,0.02092204988002777,0.2912111282348633
0.07542848153938683,0.0,-8.554545402526855,7.005312442779541,0.0,1.0,-8.515790939331055,6.916103363037109,-0.0003436787810642272,0.9997978806495667,-12.819019317626953,-0.3043515384197235,0.9449952244758606,999.4897959183673,196.0,-652.617431640625,-638.4060668945312,119.40917205810547,129.6870880126953,7959.30920958519,196.0,98,196000,24.625252624180284,7.381750583648682,0.02205529995262623,0.21261441707611084
0.0724852881735357,0.0,-8.545989990234375,7.014828681945801,0.0,1.0,-8.497626304626465,6.93205451965332,-0.0001438395120203495,0.9998809695243835,-12.797527313232422,-0.3012772798538208,0.946056604385376,999.4949494949495,198.0,-651.2551879882812,-635.3285522460938,125.58454132080078,132.17001342773438,8040.336422920227,198.0,99,198000,24.625835236890122,7.4557085037231445,0.021193677559494972,0.20761562883853912
0.07105704163663924,0.0,-8.639558792114258,7.015635013580322,0.0,1.0,-8.586272239685059,6.931728839874268,0.0,1.0,-12.800100326538086,-0.2982645034790039,0.9470857977867126,999.5,200.0,-650.7904052734375,-633.4278564453125,126.85638427734375,132.4145050048828,8114.9605078697205,200.0,100,200000,24.64583774696675,7.408868789672852,0.2227812260389328,0.3261210322380066
0.06693894750505577,0.0,-8.569860458374023,6.999883651733398,0.0,1.0,-8.51646614074707,6.912936687469482,0.0,1.0,-12.795533180236816,-0.2953113913536072,0.9480844736099243,999.5049504950495,202.0,-650.5733032226562,-630.8906860351562,125.79339599609375,131.84500122070312,8191.491422176361,202.0,101,202000,24.659734056869894,7.405109882354736,0.021041594445705414,0.11409133672714233
0.06693894750505577,0.0,-8.574377059936523,7.028208255767822,0.0,1.0,-8.541580200195312,6.939645767211914,-1.3504028174793348e-05,0.9999866485595703,-12.795988082885742,-0.29241618514060974,0.9490535855293274,999.5098039215686,204.0,-650.5977172851562,-629.1968994140625,125.41105651855469,131.50035095214844,8264.438878536224,204.0,102,204000,24.68407147759461,7.421944618225098,0.10458461940288544,0.23192323744297028
0.060598955937205407,0.0,-8.596222877502441,6.991479396820068,0.0,1.0,-8.550810813903809,6.906020164489746,0.0,1.0,-12.809069633483887,-0.2895771861076355,0.9499936699867249,999.5145631067961,206.0,-650.9464721679688,-633.398681640625,122.75824737548828,130.9199981689453,8341.781077861786,206.0,103,206000,24.694965988343,7.411768913269043,0.020580671727657318,0.20973162353038788
0.05940491710342653,0.0,-8.6356782913208,6.995378494262695,0.0,1.0,-8.600395202636719,6.902709007263184,0.0,1.0,-12.817123413085938,-0.2867927849292755,0.950907289981842,999.5192307692307,208.0,-651.2000732421875,-633.9013061523438,122.61136627197266,130.43310546875,8419.357725381851,208.0,104,208000,24.70497237252933,7.371731758117676,0.020653534680604935,0.1131880059838295
0.05940491710342653,0.0,-8.759918212890625,6.999217987060547,0.0,1.0,-8.776637077331543,6.919096946716309,-1.0579426998447161e-05,0.9999895095825195,-12.790271759033203,-0.2840614318847656,0.9517940878868103,999.5238095238095,210.0,-649.7479248046875,-629.1580200195312,126.95210266113281,132.38558959960938,8495.656450986862,210.0,105,210000,24.718513655952535,7.372628211975098,0.29008179903030396,0.12624743580818176
0.06305951655006926,0.0,-8.668157577514648,6.978362560272217,0.0,1.0,-8.631668090820312,6.892951488494873,0.0,1.0,-12.7940092086792,-0.28138160705566406,0.952656626701355,999.5283018867924,212.0,-649.6712646484375,-627.7922973632812,126.93807220458984,132.03587341308594,8568.36183643341,212.0,106,212000,24.74218573479913,7.404994487762451,0.02017146907746792,0.07344835996627808
0.06181699495154324,0.0,-8.716943740844727,6.984004497528076,0.0,1.0,-8.695963859558105,6.894629955291748,0.0,1.0,-12.768906593322754,-0.2787518799304962,0.9534943699836731,999.5327102803739,214.0,-648.2132568359375,-624.12109375,132.4507293701172,134.29449462890625,8641.370757818222,214.0,107,214000,24.764589553848843,7.3824782371521,0.020273027941584587,0.25484323501586914
0.06305951655006926,0.0,-8.820337295532227,6.9668378829956055,0.0,1.0,-8.7859525680542,6.868232727050781,-1.029968279908644e-05,0.9999898076057434,-12.758764266967773,-0.27617084980010986,0.9543088674545288,999.5370370370371,216.0,-647.5787963867188,-622.3634643554688,132.51248168945312,133.8706817626953,8718.484889030457,216.0,108,216000,24.774946880021535,7.416615009307861,0.020215099677443504,0.271372526884079
0.06561998579066344,0.0,-8.82324504852295,6.965311050415039,0.0,1.0,-8.993422508239746,6.782108306884766,0.0,1.0,-12.765052795410156,-0.27363717555999756,0.9551005363464355,999.5412844036697,218.0,-647.7672119140625,-622.8629150390625,133.00498962402344,133.44271850585938,8792.504823446274,218.0,109,218000,24.793844800480144,7.452933311462402,0.28509387373924255,0.058624595403671265
0.07849118035809692,0.0,-8.941492080688477,6.851169586181641,0.0,1.0,-8.91736888885498,6.754180908203125,0.0,1.0,-12.767181396484375,-0.27114954590797424,0.95587158203125,999.5454545454545,220.0,-647.8336791992188,-622.0964965820312,133.160888671875,133.06719970703125,8868.809272766113,220.0,110,220000,24.806035763511655,7.496551036834717,0.020313972607254982,0.1261141002178192
0.07694459401832851,0.0,-8.971569061279297,6.8386993408203125,0.0,1.0,-8.945618629455566,6.732083797454834,0.0,1.0,-12.76407241821289,-0.2687067687511444,0.9566216468811035,999.5495495495495,222.0,-647.6912231445312,-623.7938232421875,132.68104553222656,132.47535705566406,8944.630143880844,222.0,111,222000,24.819360491039816,7.431690216064453,0.10503625124692917,0.16564194858074188
0.08670309447319521,0.0,-8.876885414123535,6.8542938232421875,-0.0001312255917582661,0.9998893737792969,-8.939167022705078,6.729166507720947,-0.0030410003382712603,0.9974421858787537,-12.760515213012695,-0.2663075923919678,0.9573512673377991,999.5535714285714,224.0,-646.9983520507812,-623.5597534179688,133.1844024658203,132.27565002441406,9016.928836584091,224.0,112,224000,24.84216123467362,7.460858345031738,0.1053004190325737,0.19915516674518585
0.08167823703026889,0.0,-8.845422744750977,6.865152359008789,-1.9531249563442543e-05,0.9999808669090271,-8.7960786819458,6.7731781005859375,-0.000769119244068861,0.9999401569366455,-12.780495643615723,-0.2639508843421936,0.9580615758895874,999.5575221238938,226.0,-647.8626708984375,-625.3218994140625,133.69406127929688,132.0258026123047,9091.03831744194,226.0,113,226000,24.859646622146506,7.463055610656738,0.02017604559659958,0.18029198050498962
0.08006885308329467,0.0,-8.735610008239746,6.8467020988464355,-2.543131571997037e-08,1.0,-8.700343132019043,6.755070686340332,-2.543131571997037e-08,1.0,-12.784140586853027,-0.26163554191589355,0.9587529301643372,999.561403508772,228.0,-648.0020751953125,-624.3677368164062,133.6461181640625,131.69261169433594,9163.452809810638,228.0,114,228000,24.881450773216955,7.487527370452881,0.1216658428311348,0.13196389377117157
0.07394224246582377,0.0,-8.768912315368652,6.9171366691589355,-9.231567673850805e-06,0.9999908208847046,-8.719727516174316,6.817222595214844,-4.755655936605763e-06,0.999995231628418,-12.80092716217041,-0.2593604326248169,0.9594271779060364,999.5652173913044,230.0,-648.62353515625,-627.382080078125,134.0441131591797,131.28857421875,9237.954259634018,230.0,115,230000,24.89728716291695,7.372713088989258,0.11716212332248688,0.21172933280467987
0.07849118035809692,0.0,-8.832666397094727,6.842952728271484,-4.577636616431846e-07,0.9999995231628418,-8.788604736328125,6.746712684631348,-0.0005568440537899733,0.9998050928115845,-12.794727325439453,-0.25712457299232483,0.9600843191146851,999.5689655172414,232.0,-648.3385009765625,-624.7180786132812,133.1288604736328,130.8495330810547,9310.32148885727,232.0,116,232000,24.918580983230388,7.43773078918457,0.019954176619648933,0.18363644182682037
0.07394224246582377,0.0,-8.79939079284668,6.839853286743164,-2.492268777132267e-06,0.9999974966049194,-8.75783920288086,6.746973514556885,-0.0015698241768404841,0.9999064803123474,-12.791028022766113,-0.2549269199371338,0.9607234597206116,999.5726495726495,234.0,-648.13037109375,-624.4732666015625,132.92822265625,130.36769104003906,9384.824771881104,234.0,117,234000,24.933869911041164,7.4730987548828125,0.019751641899347305,0.3605797588825226
0.06693894750505577,0.0,-8.82275676727295,6.865694522857666,-5.7220458984375e-06,0.9999942779541016,-8.776083946228027,6.7769880294799805,0.0,1.0,-12.792115211486816,-0.25276654958724976,0.9613466858863831,999.5762711864406,236.0,-648.0374755859375,-628.1769409179688,128.680908203125,130.2064666748047,9458.755353450775,236.0,118,236000,24.950428590364343,7.419557094573975,0.10232025384902954,0.1291135549545288
0.06432701283272566,0.0,-8.868282318115234,6.813862323760986,-0.0007525889086537063,0.9999264478683472,-8.808807373046875,6.736769676208496,0.0,1.0,-12.754032135009766,-0.25064244866371155,0.9619549512863159,999.5798319327731,238.0,-645.8456420898438,-622.572998046875,134.99032592773438,132.830810546875,9532.238558530807,238.0,119,238000,24.96790219197815,7.4191083908081055,0.1193712055683136,0.16437266767024994
0.060598955937205407,0.0,-9.015679359436035,6.901837348937988,-0.0003986104275099933,0.9997913837432861,-9.000648498535156,6.798479080200195,0.0,1.0,-12.778739929199219,-0.24855375289916992,0.9625488519668579,999.5833333333334,240.0,-646.9686279296875,-624.4678955078125,136.52850341796875,132.84536743164062,9604.952177762985,240.0,120,240000,24.987110352890536,7.452375888824463,0.2040061056613922,0.2489508092403412
0.06432701283272566,0.0,-8.875757217407227,6.814456939697266,-0.000798060093075037,0.9999647736549377,-8.839330673217773,6.713953018188477,0.0,1.0,-12.782734870910645,-0.24649959802627563,0.9631261825561523,999.5867768595041,242.0,-647.111328125,-624.662841796875,136.44415283203125,132.42059326171875,9682.127814292908,242.0,121,242000,24.994505819552995,7.436676025390625,0.01968155801296234,0.15864863991737366
0.060598955937205407,0.0,-8.910623550415039,6.850789546966553,-0.0007180786342360079,0.9999001622200012,-8.893692970275879,6.766814708709717,-0.000823313370347023,0.9999895095825195,-12.790071487426758,-0.24447910487651825,0.9636905789375305,999.5901639344262,244.0,-647.3189086914062,-625.9769287109375,136.46511840820312,131.91932678222656,9754.646930932999,244.0,122,244000,25.013719279398074,7.444794178009033,0.17527669668197632,0.266979843378067
0.06305951655006926,0.0,-8.86074447631836,6.818263053894043,-0.000833053607493639,0.9999972581863403,-8.839336395263672,6.706661701202393,-6.612141874029476e-07,0.9999993443489075,-12.798458099365234,-0.2424914687871933,0.9642412066459656,999.5934959349594,246.0,-647.6033935546875,-626.8783569335938,136.6258087158203,131.45567321777344,9826.068254947662,246.0,123,246000,25.035445878989602,7.392707347869873,0.020375806838274002,0.23798123002052307
0.06432701283272566,0.0,-8.977921485900879,6.8068928718566895,-4.0944418287836015e-05,0.9999610185623169,-8.953100204467773,6.666654109954834,-3.306070937014738e-07,0.9999996423721313,-12.813315391540527,-0.2405358999967575,0.9647782444953918,999.5967741935484,248.0,-648.2222900390625,-630.3667602539062,136.16590881347656,131.12619018554688,9900.993967294693,248.0,124,248000,25.04799021383128,7.4511942863464355,0.10442792624235153,0.16755111515522003
0.06693894750505577,0.0,-8.849733352661133,6.800191879272461,-0.0014026896096765995,0.9998182058334351,-8.80903148651123,6.7249436378479,-0.0016668192110955715,0.9999969601631165,-12.804349899291992,-0.2386116087436676,0.9653041958808899,999.6,250.0,-647.7852172851562,-629.1144409179688,136.07485961914062,130.6923370361328,9974.429938077927,250.0,125,250000,25.06408903085393,7.463579177856445,0.0243118554353714,0.2010343372821808
0.07105704163663924,0.0,-8.922059059143066,6.789469242095947,-8.672078547533602e-05,0.9999191164970398,-8.903390884399414,6.694451808929443,0.0,1.0,-12.792099952697754,-0.23671786487102509,0.9658164381980896,999.6031746031746,252.0,-647.1563110351562,-625.95458984375,135.59132385253906,130.36387634277344,10049.174744606018,252.0,126,252000,25.076686036857225,7.431555271148682,0.021151326596736908,0.1967628449201584
0.06693894750505577,0.0,-8.931300163269043,6.831141471862793,-5.4931642807787284e-06,0.9999945163726807,-8.907103538513184,6.727238655090332,-0.0008741760393604636,0.9999383687973022,-12.809198379516602,-0.23485395312309265,0.966315746307373,999.6062992125984,254.0,-647.93115234375,-627.9743041992188,136.07427978515625,130.15289306640625,10123.255433559418,254.0,127,254000,25.090742959815998,7.445621967315674,0.020297033712267876,0.19724862277507782
0.07105704163663924,0.0,-8.897876739501953,6.862843036651611,0.0,1.0,-8.854480743408203,6.764155864715576,-0.0001798756857169792,0.9998542070388794,-12.801541328430176,-0.2330191433429718,0.9668054580688477,999.609375,256.0,-647.498291015625,-626.59228515625,135.7487030029297,129.7678985595703,10199.109939336777,256.0,128,256000,25.100229483029484,7.460640907287598,0.020066728815436363,0.14343537390232086
0.0849947009834283,0.0,-8.903642654418945,6.868343830108643,0.0,1.0,-8.834226608276367,6.773638725280762,-0.0008321126224473119,0.9999948143959045,-12.811433792114258,-0.2312127947807312,0.9672829508781433,999.6124031007752,258.0,-647.9429321289062,-627.608154296875,135.9712371826172,129.36184692382812,10273.453947544098,258.0,129,258000,25.113267779009778,7.508520603179932,0.020308151841163635,0.05272013694047928
0.10370968758833489,0.0,-8.861026763916016,6.886792182922363,0.0,1.0,-8.82308292388916,6.792654037475586,0.0,1.0,-12.823017120361328,-0.22943423688411713,0.9677501320838928,999.6153846153846,260.0,-648.500732421875,-628.6427001953125,136.43931579589844,129.02127075195312,10348.263996124268,260.0,130,260000,25.124987157012782,7.5367889404296875,0.0195460245013237,0.019717955961823463
0.12654552784140155,0.0,-8.8115816116333,6.906837463378906,0.0,1.0,-8.769697189331055,6.819736003875732,0.0,1.0,-12.832097053527832,-0.22768282890319824,0.9682063460350037,999.6183206106871,262.0,-648.7052612304688,-633.36376953125,130.58726501464844,128.73793029785156,10423.944430112839,262.0,131,262000,25.13443943955905,7.535319805145264,0.021293794736266136,0.11749148368835449
0.15136711368692912,0.0,-8.846050262451172,6.93418550491333,0.0,1.0,-8.795167922973633,6.868503570556641,0.0,1.0,-12.839574813842773,-0.2259579598903656,0.9686517715454102,999.6212121212121,264.0,-648.9876708984375,-639.1912231445312,123.57137298583984,128.30889892578125,10497.536108016968,264.0,132,264000,25.148758459462044,7.561826705932617,0.22013665735721588,2.9443270250339992e-05
0.18105739093859669,0.0,-8.968782424926758,6.962320804595947,0.0,1.0,-8.951421737670898,6.874978065490723,0.0,1.0,-12.853625297546387,-0.22425903379917145,0.9690882563591003,999.624060150376,266.0,-649.5748291015625,-640.9075927734375,123.62173461914062,128.02899169921875,10572.417756795883,266.0,133,266000,25.159807918961288,7.5546956062316895,0.19653260707855225,3.847463236894555e-09
0.21657134112561607,0.0,-8.983038902282715,6.886351585388184,0.0,1.0,-8.963885307312012,6.788728713989258,0.0,1.0,-12.871885299682617,-0.22258545458316803,0.9695147275924683,999.6268656716418,268.0,-650.31787109375,-640.7813110351562,123.47853088378906,127.8395004272461,10646.77790260315,268.0,134,268000,25.171934875665407,7.51951789855957,0.019203389063477516,2.8119788112235256e-05
0.24894317195018428,0.0,-8.985916137695312,6.866968154907227,0.0,1.0,-8.96319580078125,6.7733283042907715,-0.0008242034818977118,0.9999405741691589,-12.889338493347168,-0.22093667089939117,0.9699316620826721,999.6296296296297,270.0,-651.093505859375,-642.651123046875,124.32511138916016,127.69463348388672,10720.81958770752,270.0,135,270000,25.184641695638803,7.479568958282471,0.019168714061379433,1.1669934352198652e-08
0.2919054472283545,0.0,-9.0234956741333,6.8660807609558105,0.0,1.0,-8.988306999206543,6.796250343322754,0.0027315267361700535,0.9988164901733398,-12.896025657653809,-0.21912884712219238,0.9703808426856995,999.6323529411765,272.0,-651.4545288085938,-643.5074462890625,124.05316162109375,127.31462097167969,10796.525369167328,272.0,136,272000,25.193290498513203,7.4880170822143555,0.10169027000665665,1.311132820092098e-07
0.335537784292589,0.0,-9.070929527282715,6.890149116516113,0.0,1.0,-9.056492805480957,6.809370994567871,0.0,1.0,-12.875075340270996,-0.21657943725585938,0.9705942273139954,999.6350364963504,274.0,-651.1990966796875,-642.5205078125,124.96845245361328,127.5263442993164,10870.387183189392,274.0,137,274000,25.206093893668275,7.5274176597595215,0.1000266745686531,0.08661192655563354
0.3422820937568701,0.0,-9.189959526062012,6.908602714538574,0.0,1.0,-9.197346687316895,6.795041084289551,0.16777575016021729,0.9629100561141968,-12.84563159942627,-0.21501001715660095,0.9709839820861816,999.6376811594203,276.0,-649.7299194335938,-638.7217407226562,128.98992919921875,128.7353057861328,10949.636797428131,276.0,138,276000,25.20631552498868,7.545537948608398,0.10303681343793869,0.27551737427711487
0.378092373895911,0.0,-9.086668014526367,6.888164520263672,0.0,1.0,-9.07135009765625,6.797196388244629,0.0050461324863135815,0.9989813566207886,-12.84001636505127,-0.21344506740570068,0.9713619351387024,999.6402877697842,278.0,-649.3521728515625,-637.1846313476562,128.59579467773438,128.3927764892578,11021.392954587936,278.0,139,278000,25.223671921095544,7.530460834503174,0.019031576812267303,0.1738782674074173
0.3934444404265043,0.0,-9.08271312713623,6.886964797973633,0.0,1.0,-9.06518840789795,6.794029235839844,3.941853719879873e-06,0.9999958872795105,-12.842218399047852,-0.21192046999931335,0.9717355370521545,999.6428571428571,280.0,-649.3551635742188,-635.2333984375,127.87871551513672,128.0188446044922,11097.504523277283,280.0,140,280000,25.230897578162125,7.5139055252075195,0.019068103283643723,0.5278146862983704
0.401352673679077,0.0,-9.099929809570312,6.907105445861816,0.0,1.0,-9.09509563446045,6.813433647155762,0.023733697831630707,0.9728789925575256,-12.85605239868164,-0.21032047271728516,0.9720786213874817,999.645390070922,282.0,-650.0581665039062,-635.156005859375,127.7788314819336,127.83634185791016,11172.673079967499,282.0,141,282000,25.240154972906478,7.494852066040039,0.019288888201117516,0.284233033657074
0.401352673679077,0.0,-9.17166805267334,6.878997325897217,0.0,1.0,-9.161779403686523,6.785409450531006,-0.016376113519072533,0.9915142059326172,-12.818694114685059,-0.20726017653942108,0.9727689623832703,999.6478873239437,284.0,-649.903076171875,-635.5902099609375,126.60419464111328,127.56025695800781,11249.213171720505,284.0,142,284000,25.246210171743396,7.556313991546631,0.018905309960246086,0.37609606981277466
0.3856920306112188,0.0,-9.183113098144531,6.895095348358154,0.0,1.0,-9.188801765441895,6.806068420410156,3.5603841297415784e-07,0.9999995827674866,-12.802718162536621,-0.20406535267829895,0.9734802842140198,999.6503496503497,286.0,-649.8538818359375,-636.6111450195312,127.0928726196289,127.3516845703125,11324.725712060928,286.0,143,286000,25.25447479009647,7.521879196166992,0.01923772320151329,0.058004844933748245
0.378092373895911,0.0,-9.155569076538086,6.9070892333984375,-0.0008319600601680577,0.9999990463256836,-9.133316993713379,6.818601608276367,0.0,1.0,-12.784502983093262,-0.20091232657432556,0.9741743803024292,999.6527777777778,288.0,-649.6593017578125,-641.5439453125,117.90193939208984,126.9666748046875,11397.183903694153,288.0,144,288000,25.269400093355603,7.458273410797119,0.10102663189172745,0.2799505889415741
0.31609177094058727,0.0,-9.465009689331055,6.878887176513672,-0.0008330790442414582,0.9999990463256836,-9.534798622131348,6.76866340637207,0.0,1.0,-12.78813362121582,-0.19952672719955444,0.9744961857795715,999.6551724137931,290.0,-649.7464599609375,-641.6078491210938,118.12000274658203,126.7501220703125,11470.683183431625,290.0,145,290000,25.281842010847186,7.427780628204346,0.11537333577871323,0.29991811513900757
0.2590512629934813,0.0,-9.412744522094727,6.744609355926514,-0.0016615295317023993,0.9999927878379822,-9.422532081604004,6.637807369232178,3.669738725875504e-05,0.9999633431434631,-12.79314136505127,-0.1981600970029831,0.974812388420105,999.6575342465753,292.0,-650.0075073242188,-641.7655639648438,117.76958465576172,126.41558074951172,11546.604619026184,292.0,146,292000,25.28881949580661,7.399050235748291,0.11812958866357803,0.4683375358581543
0.21657134112561607,0.0,-9.441399574279785,6.7173895835876465,-0.0008204142213799059,0.9999882578849792,-9.541501998901367,6.598011493682861,-0.0008327484247274697,0.9999971389770508,-12.784029006958008,-0.19681207835674286,0.975121796131134,999.6598639455782,294.0,-649.2177124023438,-640.9140625,118.48297882080078,126.38005065917969,11622.03271317482,294.0,147,294000,25.296779595768946,7.433606147766113,0.10380691289901733,0.2750452160835266
0.21230403012020005,0.0,-9.364907264709473,6.6988911628723145,-7.629394360719743e-08,0.9999998807907104,-9.451285362243652,6.5646491050720215,0.0,1.0,-12.765928268432617,-0.1954822689294815,0.9754257798194885,999.6621621621622,296.0,-648.0097045898438,-638.978759765625,126.59107208251953,128.81109619140625,11696.752029180527,296.0,148,296000,25.306170401967368,7.48696231842041,0.10511530935764313,0.2812946140766144
0.22092442508224094,0.0,-9.447691917419434,6.685662269592285,0.0,1.0,-9.401581764221191,6.61284065246582,0.0,1.0,-12.747706413269043,-0.1941702961921692,0.9757234454154968,999.6644295302013,298.0,-646.874755859375,-638.2014770507812,127.94503784179688,130.9126434326172,11853.41111588478,298.0,149,298000,25.140442450414092,7.515985488891602,0.10482077300548553,0.2981501519680023
0.20000000000000007,0.0,-9.34266471862793,6.650710582733154,0.0,1.0,-9.341876983642578,6.546545028686523,-0.00020604451128747314,0.9997955560684204,-12.721692085266113,-0.19287583231925964,0.9760147333145142,999.6666666666666,300.0,-645.2597045898438,-634.1983642578125,136.10696411132812,133.88531494140625,12000.680265188217,300.0,150,300000,24.998582861193732,7.476151943206787,0.01885571889579296,0.30683767795562744
0.17399259391533262,0.0,-9.367578506469727,6.664940357208252,0.0,1.0,-9.35086441040039,6.567434787750244,-1.3224283975432627e-05,0.9999869465827942,-12.732943534851074,-0.19159850478172302,0.976301372051239,999.6688741721854,302.0,-645.5870361328125,-635.514892578125,136.60523986816406,133.62811279296875,12131.664100646973,302.0,151,302000,24.893534596287953,7.524005889892578,0.01861187070608139,0.30002644658088684
0.1672034628382151,0.0,-9.413254737854004,6.7446370124816895,-4.831949809158687e-07,0.999999463558197,-9.403409957885742,6.64810037612915,-0.0042776488699018955,0.9998932480812073,-12.739514350891113,-0.19033800065517426,0.9765819311141968,999.671052631579,304.0,-645.8111572265625,-636.0466918945312,136.427978515625,133.3168182373047,12227.3588244915,304.0,152,304000,24.862278466146385,7.462124824523926,0.10571997612714767,0.28138116002082825
0.15136711368692912,0.0,-9.444794654846191,6.738018989562988,-1.2715658215256553e-07,0.9999998807907104,-9.446125030517578,6.633969783782959,-0.0016633097548037767,0.9999942183494568,-12.753829956054688,-0.1890939474105835,0.9768571257591248,999.6732026143791,306.0,-646.4021606445312,-637.0411376953125,136.98072814941406,133.09092712402344,12319.835492134094,306.0,153,306000,24.83799399719041,7.3690595626831055,0.018251309171319008,0.22146664559841156
0.1606792413169877,0.0,-9.426204681396484,6.73386287689209,-4.577636616431846e-07,0.9999995231628418,-9.429866790771484,6.6243205070495605,0.0,1.0,-12.76650333404541,-0.18786607682704926,0.9771267771720886,999.6753246753246,308.0,-646.975830078125,-638.1893920898438,137.4019317626953,132.8755645751953,12412.31674695015,308.0,154,308000,24.814062215716433,7.486462593078613,0.018015416339039803,0.18889640271663666
0.14838458355742487,0.0,-9.46104621887207,6.7308807373046875,-0.0005672454717569053,0.9998184442520142,-9.476014137268066,6.6870036125183105,0.0,1.0,-12.782094955444336,-0.18665403127670288,0.9773924946784973,999.6774193548387,310.0,-647.5739135742188,-643.008544921875,133.119140625,132.6600799560547,12507.921353340149,310.0,155,310000,24.78429398800279,7.421894550323486,0.21991212666034698,0.3608103394508362
0.14838458355742487,0.0,-9.476619720458984,6.7691650390625,-0.0008329518605023623,0.9999989867210388,-9.475613594055176,6.673229694366455,-0.0016694386722519994,0.9999950528144836,-12.786351203918457,-0.1854575276374817,0.9776516556739807,999.6794871794872,312.0,-647.6964111328125,-643.5095825195312,132.9445343017578,132.35902404785156,12595.675800800323,312.0,156,312000,24.77040572766851,7.447087287902832,0.018052566796541214,0.14671772718429565
0.13433062777208765,0.0,-9.48549747467041,6.798216342926025,-8.6466474158442e-07,0.9999991655349731,-9.50153923034668,6.695154190063477,-5.086263143994074e-08,0.9999998807907104,-12.800679206848145,-0.1842762678861618,0.977907121181488,999.6815286624204,314.0,-648.422607421875,-648.8707275390625,127.78772735595703,132.2573699951172,12695.684565067291,314.0,157,314000,24.73281361006591,7.403664588928223,0.020267104730010033,0.33483943343162537
0.12908909295101373,0.0,-9.542242050170898,6.8158440589904785,-0.001265055383555591,0.9997907280921936,-9.56375789642334,6.7377543449401855,-2.772013431240339e-05,0.9999732375144958,-12.805251121520996,-0.18310996890068054,0.9781578183174133,999.6835443037975,316.0,-648.3251342773438,-649.9373168945312,127.46923828125,131.88307189941406,12814.42861866951,316.0,158,316000,24.65970269947233,7.445186614990234,0.19571204483509064,0.23767682909965515
0.13168378371932912,0.0,-9.546000480651855,6.845962047576904,-0.0008830006700009108,0.9999529719352722,-9.55058765411377,6.763576507568359,-0.0008281453629024327,0.9999951124191284,-12.797369956970215,-0.18195833265781403,0.9784044027328491,999.6855345911949,318.0,-647.9893798828125,-648.4738159179688,127.28987884521484,131.53929138183594,12931.49749994278,318.0,159,318000,24.59111947409085,7.432895660400391,0.10573265701532364,0.2972950339317322
0.13168378371932912,0.0,-9.548821449279785,6.869085788726807,0.0,1.0,-9.557537078857422,6.776137828826904,-0.0004477945913095027,0.9997926354408264,-12.807074546813965,-0.18082109093666077,0.9786460995674133,999.6875,320.0,-648.4207763671875,-649.7122802734375,127.21029663085938,131.26788330078125,13030.959367275238,320.0,160,320000,24.556902602552718,7.410761833190918,0.10319352895021439,0.16226601600646973
0.14546082105423475,0.0,-9.76265811920166,6.795383453369141,0.0,1.0,-9.797833442687988,6.716958045959473,-4.831949809158687e-07,0.999999463558197,-12.818324089050293,-0.17969797551631927,0.9788813591003418,999.6894409937888,322.0,-648.8963012695312,-651.5714721679688,127.68914794921875,131.0199737548828,13112.551676273346,322.0,161,322000,24.55662390888011,7.4443583488464355,0.20289865136146545,0.19256991147994995
0.14259466822295339,0.0,-9.63753604888916,6.78577995300293,-0.001881968230009079,0.9998346567153931,-9.635703086853027,6.700047016143799,-0.0031217955984175205,0.9998373985290527,-12.823382377624512,-0.17858873307704926,0.9791147708892822,999.6913580246913,324.0,-649.0429077148438,-653.6227416992188,127.2928237915039,130.79379272460938,13188.561021566391,324.0,162,324000,24.566743822179234,7.451894760131836,0.019046245142817497,0.3194608986377716
0.12405208101303944,0.0,-9.631295204162598,6.807764530181885,-0.0063427225686609745,0.999738335609436,-9.688374519348145,6.7042083740234375,-0.003186594694852829,0.9998379945755005,-12.834744453430176,-0.17749394476413727,0.9793433547019958,999.6932515337423,326.0,-649.4945068359375,-653.182373046875,127.00955200195312,130.5306396484375,13267.28322982788,326.0,163,326000,24.57172236039083,7.468045234680176,0.19006960093975067,0.6307392716407776
0.11456001552955852,0.0,-9.915891647338867,6.713700294494629,-0.006527099758386612,0.9998571276664734,-9.955775260925293,6.595186710357666,-0.0042571513913571835,0.9995591044425964,-12.82437801361084,-0.17641301453113556,0.979567289352417,999.6951219512196,328.0,-648.978271484375,-651.2040405273438,127.07820892333984,130.31143188476562,13350.412125349045,328.0,164,328000,24.568529939027968,7.4697265625,0.01834164746105671,0.3062385320663452
0.10370968758833489,0.0,-10.011388778686523,6.734787464141846,-0.008307470008730888,0.9998392462730408,-10.0436372756958,6.6378397941589355,-0.0033171081449836493,0.9999731779098511,-12.83627986907959,-0.1753438413143158,0.9797881841659546,999.6969696969697,330.0,-649.5306396484375,-651.6170654296875,127.35594177246094,130.11669921875,13441.878391981125,330.0,165,330000,24.55014026885294,7.3963236808776855,0.018631093204021454,0.39454567432403564
0.09966297130484332,0.0,-10.04764175415039,6.737834453582764,-0.009220708161592484,0.999905526638031,-10.07252311706543,6.6461100578308105,-0.013143081218004227,0.9996960759162903,-12.845510482788086,-0.17434339225292206,0.9799821376800537,999.6987951807229,332.0,-649.8858032226562,-653.4755859375,127.5372314453125,129.8821258544922,13546.587651491165,332.0,166,332000,24.508016966431725,7.329049110412598,0.018750572577118874,0.28872692584991455
0.09388702724900437,0.0,-9.975908279418945,6.744933605194092,-0.007649510633200407,0.9998201131820679,-9.985270500183105,6.655691146850586,-0.007499821949750185,0.9999391436576843,-12.85660171508789,-0.17333737015724182,0.9801783561706543,999.7005988023952,334.0,-650.5110473632812,-656.0817260742188,128.10049438476562,129.74417114257812,13656.30993270874,334.0,167,334000,24.457558567854708,7.26812744140625,0.01865614391863346,0.16495756804943085
0.08844582667210643,0.0,-9.853348731994629,6.80248498916626,-0.010783386416733265,0.9997403025627136,-9.861335754394531,6.7256059646606445,-0.05261047184467316,0.9954335689544678,-12.868813514709473,-0.1723184883594513,0.9803824424743652,999.702380952381,336.0,-650.9046630859375,-657.6710815429688,127.43253326416016,129.46205139160156,13757.388958454132,336.0,168,336000,24.42323910552247,7.350156307220459,0.018504135310649872,0.12785173952579498
0.09203708190275892,0.0,-9.774746894836426,6.842033386230469,-0.006509196013212204,0.9998489022254944,-9.869340896606445,6.747361660003662,-0.00665601110085845,0.9999545216560364,-12.875526428222656,-0.17140476405620575,0.9805011749267578,999.7041420118343,338.0,-651.2131958007812,-663.9879760742188,119.41360473632812,129.2721405029297,13851.824974775314,338.0,169,338000,24.401116864782114,7.4788336753845215,0.1043168231844902,0.07107869535684586
0.09388702724900437,0.0,-9.775055885314941,6.805777072906494,-0.0021010334603488445,0.9996936321258545,-9.789880752563477,6.723941326141357,0.0,1.0,-12.89052963256836,-0.17039650678634644,0.9807052612304688,999.7058823529412,340.0,-651.9420776367188,-663.8782958984375,119.30657196044922,129.24081420898438,13937.194460630417,340.0,170,340000,24.39515362725454,7.470846652984619,0.01858227699995041,0.11543865501880646
0.09966297130484332,0.0,-9.697052001953125,6.917340278625488,-0.0025061797350645065,0.9999822974205017,-9.679443359375,6.86139440536499,-0.0025056202430278063,0.9999896883964539,-12.88315486907959,-0.16940003633499146,0.9809045791625977,999.7076023391813,342.0,-651.7755737304688,-663.0631103515625,119.9411849975586,129.10076904296875,14016.892055988312,342.0,171,342000,24.399132035399415,7.5175676345825195,0.018230825662612915,0.1568107008934021
0.10792071678026853,0.0,-9.579529762268066,7.046932220458984,-0.0024200440384447575,0.9998318552970886,-9.583449363708496,6.987316131591797,-0.002484690397977829,0.9999778270721436,-12.887174606323242,-0.1684151589870453,0.9811016917228699,999.7093023255813,344.0,-651.9234008789062,-663.158203125,120.47186279296875,128.8974151611328,14101.904134988785,344.0,172,344000,24.39386884970294,7.484403610229492,0.020160259678959846,0.12303520739078522
0.10579425230886043,0.0,-9.627860069274902,7.112415790557861,-0.002264073584228754,0.9997912645339966,-9.6622953414917,7.039142608642578,0.0,1.0,-12.86053466796875,-0.16744166612625122,0.9812946319580078,999.7109826589596,346.0,-650.5262451171875,-657.716552734375,127.43265533447266,130.38633728027344,14195.341440439224,346.0,173,346000,24.37419356566701,7.49964714050293,0.10372883826494217,0.1450418382883072
0.11686267184170265,0.0,-9.557602882385254,7.1264495849609375,-0.000548909476492554,0.9997959733009338,-9.571189880371094,7.047811031341553,0.0,1.0,-12.836438179016113,-0.16647936403751373,0.9814848303794861,999.7126436781609,348.0,-649.2601318359375,-651.8341674804688,133.18568420410156,131.7314453125,14293.937381029129,348.0,174,348000,24.345986044535536,7.540291786193848,0.018348276615142822,0.15592056512832642
0.11456001552955852,0.0,-9.557563781738281,7.1198930740356445,-0.0016678873216733336,0.9994454979896545,-9.567705154418945,7.040857315063477,-0.00010604858107399195,0.9999043345451355,-12.82236385345459,-0.1655280441045761,0.9816716313362122,999.7142857142857,350.0,-648.4780883789062,-650.2103881835938,134.49267578125,131.79388427734375,14397.172974824905,350.0,175,350000,24.31032818818075,7.5603179931640625,0.018763799220323563,0.1087711974978447
0.11230273064362171,0.0,-9.545198440551758,7.1175360679626465,-2.543131571997037e-08,1.0,-9.542109489440918,7.032230854034424,-5.086263143994074e-08,0.9999999403953552,-12.830693244934082,-0.16459053754806519,0.9818548560142517,999.7159090909091,352.0,-648.7681884765625,-652.8301391601562,134.58859252929688,131.60276794433594,14499.470965623856,352.0,176,352000,24.276747809250487,7.530522346496582,0.018746400251984596,0.10341262072324753
0.11686267184170265,0.0,-9.611263275146484,7.104400634765625,-1.0681152389224735e-06,0.999998927116394,-9.635356903076172,7.0401225090026855,-0.004911117721349001,0.9998685717582703,-12.841849327087402,-0.16367103159427643,0.9820296168327332,999.7175141242938,354.0,-649.238525390625,-652.5592651367188,134.53099060058594,131.4209442138672,14596.141156196594,354.0,177,354000,24.252985512524596,7.547180652618408,0.019249726086854935,0.115524061024189
0.13168378371932912,0.0,-9.65698528289795,7.179691314697266,0.0,1.0,-9.697429656982422,7.103643894195557,-0.0015875244280323386,0.999921441078186,-12.84399127960205,-0.16277572512626648,0.9821962714195251,999.7191011235955,356.0,-649.2802734375,-653.8421020507812,134.46786499023438,131.13612365722656,14681.43248796463,356.0,178,356000,24.248315025923898,7.553521156311035,0.21809545159339905,0.1677641123533249
0.12908909295101373,0.0,-9.616969108581543,7.112157821655273,-0.0023122152779251337,0.9998056888580322,-9.617387771606445,7.021671772003174,-0.0055999248288571835,0.999749481678009,-12.850167274475098,-0.16190123558044434,0.982361376285553,999.7206703910615,358.0,-649.5009765625,-653.5208740234375,134.58905029296875,130.86691284179688,14767.339624881744,358.0,179,358000,24.24268751812274,7.530742645263672,0.01942574977874756,0.13437683880329132
0.11921161154572088,0.0,-9.667073249816895,7.043559551239014,-0.0025364684406667948,0.9999616146087646,-9.715903282165527,6.952115535736084,-0.0028195444028824568,0.9997704029083252,-12.863487243652344,-0.16101855039596558,0.9825248122215271,999.7222222222222,360.0,-650.1034545898438,-654.2703857421875,135.07785034179688,130.75733947753906,14853.165102481842,360.0,180,360000,24.237258356459456,7.458838939666748,0.11873681098222733,0.1654893457889557
0.11456001552955852,0.0,-9.707833290100098,6.965479373931885,-0.0024999999441206455,0.9999964833259583,-9.725683212280273,6.863832950592041,-0.006111450027674437,0.9996078610420227,-12.820948600769043,-0.16016337275505066,0.9826787710189819,999.7237569060774,362.0,-647.2227172851562,-643.3385009765625,153.3514862060547,136.0045166015625,14943.25496172905,362.0,181,362000,24.224976481169122,7.545721054077148,0.018142683431506157,0.19800151884555817
0.12405208101303944,0.0,-9.693896293640137,6.9493632316589355,-0.0025008900556713343,0.9999955892562866,-9.715185165405273,6.848130702972412,-0.0072178649716079235,0.9994856119155884,-12.822345733642578,-0.15928353369235992,0.9828460216522217,999.7252747252747,364.0,-647.28759765625,-642.7993774414062,153.9180145263672,135.85435485839844,15034.345044136047,364.0,182,364000,24.21123094696922,7.511878490447998,0.01856117881834507,0.12377787381410599
0.13168378371932912,0.0,-9.717314720153809,6.891185760498047,-0.0024999999441206455,0.9999964833259583,-9.728084564208984,6.787251949310303,-0.0021380106918513775,0.9997701048851013,-12.828863143920898,-0.1584131270647049,0.98301100730896,999.7267759562842,366.0,-647.4783325195312,-641.9016723632812,153.6869354248047,135.56565856933594,15127.641839027405,366.0,183,366000,24.19412119182821,7.520970344543457,0.1209879219532013,0.17786632478237152
0.12160776493778987,0.0,-9.914453506469727,6.897972106933594,-0.05227292329072952,0.9977920651435852,-9.974584579467773,6.822388172149658,-0.08572094887495041,0.9949603080749512,-12.841695785522461,-0.15760323405265808,0.9831506013870239,999.7282608695652,368.0,-648.021728515625,-641.8680419921875,153.66282653808594,135.3972930908203,15221.298550128937,368.0,184,368000,24.17664950122687,7.511913299560547,0.024868005886673927,0.23630109429359436
0.12908909295101373,0.0,-9.905220985412598,6.993144512176514,-0.0025001270696520805,0.9999963045120239,-9.975714683532715,6.845905780792236,-1.7547607740198146e-06,0.9999982714653015,-12.839118003845215,-0.15691834688186646,0.9831498265266418,999.7297297297297,370.0,-647.9619140625,-639.5067138671875,152.881591796875,135.06427001953125,15316.775581359863,370.0,185,370000,24.15652028291652,7.526811599731445,0.10262788832187653,0.08665712922811508
0.13433062777208765,0.0,-9.926407814025879,6.933383464813232,-0.002510986290872097,0.9999869465827942,-9.931181907653809,6.8191752433776855,-0.002491404302418232,0.9999865889549255,-12.85075569152832,-0.15607550740242004,0.9833072423934937,999.7311827956989,372.0,-648.429931640625,-640.2030639648438,153.1891326904297,134.8515625,15414.424338817596,372.0,186,372000,24.133239868271023,7.475207328796387,0.1039188876748085,0.21116487681865692
0.12160776493778987,0.0,-9.73353385925293,6.817696571350098,-0.003775889053940773,0.9997826218605042,-9.731502532958984,6.710939407348633,-5.137125754117733e-06,0.9999948740005493,-12.859541893005371,-0.15524689853191376,0.9834579229354858,999.7326203208556,374.0,-648.8043212890625,-642.2427368164062,152.21128845214844,134.6291961669922,15506.583239555359,374.0,187,374000,24.118788402462037,7.4182305335998535,0.0236834604293108,0.12441709637641907
0.11230273064362171,0.0,-9.657853126525879,6.737962245941162,-0.07594949007034302,0.9933322072029114,-9.654586791992188,6.637265205383301,-0.026367975398898125,0.9906200766563416,-12.860710144042969,-0.15442967414855957,0.9836044311523438,999.7340425531914,376.0,-648.7698364257812,-646.1201171875,149.01666259765625,134.43777465820312,15595.603310346603,376.0,188,376000,24.10935906214991,7.320345401763916,0.017827816307544708,0.17738279700279236
0.11921161154572088,0.0,-9.57303524017334,6.743266582489014,-0.0024999999441206455,0.9999964833259583,-9.585451126098633,6.63671875,-0.0024704234674572945,0.9998904466629028,-12.85991096496582,-0.15361258387565613,0.9837550520896912,999.7354497354497,378.0,-648.646728515625,-646.6856079101562,148.77713012695312,134.09242248535156,15687.597402334213,378.0,189,378000,24.095467923198747,7.424717903137207,0.017355207353830338,0.09955091774463654
0.13433062777208765,0.0,-9.514985084533691,6.861927032470703,-0.0024999999441206455,0.9999964833259583,-9.51522445678711,6.7897233963012695,-0.0024999999441206455,0.9999964833259583,-12.861572265625,-0.15280410647392273,0.9839035868644714,999.7368421052631,380.0,-648.7171630859375,-646.9310302734375,148.86294555664062,133.82354736328125,15780.423097848892,380.0,190,380000,24.08046968346493,7.44415283203125,0.11160064488649368,0.3003581464290619
0.1397849899254518,0.0,-9.560802459716797,6.834484100341797,-0.0024986520875245333,0.9999955892562866,-9.586629867553711,6.722267150878906,-0.0075398762710392475,0.9981709122657776,-12.871289253234863,-0.15200407803058624,0.9840503334999084,999.738219895288,382.0,-649.128662109375,-646.5074462890625,148.63543701171875,133.603515625,15871.629025220871,382.0,191,382000,24.068102864109377,7.433773994445801,0.018181944265961647,0.09399799257516861
0.14546082105423475,0.0,-9.720239639282227,6.837337493896484,-0.0024998981971293688,0.9999963641166687,-9.746871948242188,6.717458724975586,0.0,1.0,-12.884598731994629,-0.1512123942375183,0.9841952323913574,999.7395833333334,384.0,-649.6708984375,-649.0116577148438,148.968994140625,133.46713256835938,15960.635139465332,384.0,192,384000,24.059192923375335,7.517810821533203,0.018948936834931374,0.22990992665290833
0.16390889406745915,0.0,-9.641648292541504,6.770845413208008,-0.0024944560136646032,0.9999908208847046,-9.65092658996582,6.658092021942139,-0.0024998728185892105,0.9999962449073792,-12.886338233947754,-0.150428906083107,0.9843379855155945,999.740932642487,386.0,-649.7110595703125,-649.3026123046875,148.40855407714844,133.12709045410156,16056.08570432663,386.0,193,386000,24.040728674983633,7.479520797729492,0.09648656845092773,0.12451138347387314
0.1606792413169877,0.0,-9.796257972717285,6.686152935028076,0.0,1.0,-9.804914474487305,6.555758953094482,-1.678466787780053e-06,0.9999983310699463,-12.895313262939453,-0.14965349435806274,0.9844791293144226,999.7422680412371,388.0,-650.1011352539062,-651.3737182617188,148.65966796875,132.89891052246094,16151.726228237152,388.0,194,388000,24.02220013621092,7.499032020568848,0.018265970051288605,0.053437747061252594
0.1606792413169877,0.0,-9.917372703552246,6.509671688079834,-0.005835672840476036,0.9995526075363159,-9.960007667541504,6.378024101257324,-0.3029312789440155,0.9340659976005554,-12.895824432373047,-0.14893406629562378,0.9845976233482361,999.7435897435897,390.0,-650.072998046875,-651.0199584960938,148.55104064941406,132.68319702148438,16247.984917879105,390.0,195,390000,24.002976490386096,7.34738826751709,0.0251639261841774,0.41952377557754517
0.1397849899254518,0.0,-9.907890319824219,6.5013861656188965,-0.0849754735827446,0.9960715770721436,-9.91844367980957,6.370901107788086,-0.08143587410449982,0.996446430683136,-12.909530639648438,-0.14818799495697021,0.9847279787063599,999.7448979591836,392.0,-650.6704711914062,-652.606201171875,149.20863342285156,132.6077423095703,16336.685184955597,392.0,196,392000,23.995075840782658,7.378596782684326,0.01766267605125904,0.2571907639503479
0.12654552784140155,0.0,-9.870048522949219,6.486854076385498,-0.0035588836763054132,0.9996069669723511,-9.9589204788208,6.424671649932861,-0.005396118387579918,0.999716579914093,-12.908782005310059,-0.1474357694387436,0.9848631620407104,999.746192893401,394.0,-650.6180419921875,-654.7351684570312,148.69183349609375,132.42124938964844,16425.91710138321,394.0,197,394000,23.986484137730226,7.500346660614014,0.018912604078650475,0.3136409819126129
0.12908909295101373,0.0,-9.541229248046875,6.743564128875732,-0.002490336075425148,0.9999872446060181,-9.504565238952637,6.65922212600708,-0.002476654015481472,0.9999749660491943,-12.919774055480957,-0.14669114351272583,0.9849945902824402,999.7474747474747,396.0,-651.1175537109375,-660.3164672851562,141.65386962890625,132.2801513671875,16516.937655687332,396.0,198,396000,23.975388674040556,7.547674655914307,0.018148014321923256,0.26077863574028015
0.12654552784140155,0.0,-9.3948335647583,6.778207778930664,-0.0024970753584057093,0.9999943971633911,-9.366850852966309,6.681075096130371,-9.663899618317373e-06,0.9999904036521912,-12.926711082458496,-0.14595401287078857,0.9851255416870117,999.748743718593,398.0,-651.4271850585938,-664.9935302734375,134.46434020996094,132.048095703125,16608.938539981842,398.0,199,398000,23.963000347187457,7.454916954040527,0.01780983991920948,0.2189033180475235
0.12405208101303944,0.0,-9.312438011169434,6.776326656341553,-0.0034449512604624033,0.9998218417167664,-9.326812744140625,6.6378068923950195,-0.08172397315502167,0.9965924024581909,-12.930159568786621,-0.14523498713970184,0.9852486848831177,999.75,400.0,-651.5357666015625,-670.3638305664062,123.61852264404297,131.84274291992188,16696.43212747574,400.0,200,400000,23.957214148869436,7.480723857879639,0.018395664170384407,0.20897187292575836
0.13168378371932912,0.0,-9.32909870147705,6.790653705596924,-0.0024994404520839453,0.9999962449073792,-9.345696449279785,6.676816940307617,-1.0172526287988148e-07,0.9999998807907104,-12.930098533630371,-0.14451241493225098,0.9853762984275818,999.7512437810946,402.0,-651.5007934570312,-669.3602294921875,123.61011505126953,131.60940551757812,16791.223264217377,402.0,201,402000,23.941078840674734,7.514300346374512,0.017864368855953217,0.38175398111343384
0.13168378371932912,0.0,-9.343565940856934,6.753820896148682,-0.0024999999441206455,0.9999964833259583,-9.341523170471191,6.642453193664551,-0.0024997203145176172,0.999996542930603,-12.92258071899414,-0.14379701018333435,0.9855005145072937,999.7524752475248,404.0,-651.101318359375,-667.1832885742188,124.04676055908203,131.4074249267578,16886.78514957428,404.0,202,404000,23.92403269311358,7.539406776428223,0.1909901201725006,0.3506802022457123
0.14838458355742487,0.0,-10.065659523010254,6.656651020050049,-0.34583327174186707,0.9382961988449097,-10.19426441192627,6.566708564758301,-0.30875253677368164,0.9486631751060486,-12.91857624053955,-0.14328236877918243,0.985459566116333,999.7536945812808,406.0,-651.0767211914062,-665.380859375,124.20357513427734,131.2129669189453,16983.9193983078,406.0,203,406000,23.904965071869803,7.6829986572265625,0.02382754720747471,0.07916761189699173
0.14838458355742487,0.0,-10.339767456054688,6.530186176300049,-0.08268458396196365,0.9963366389274597,-10.38129711151123,6.471868991851807,-0.27381986379623413,0.9570599794387817,-12.912872314453125,-0.14284884929656982,0.9853752851486206,999.7549019607843,408.0,-650.9398193359375,-663.1486206054688,123.98191833496094,130.93666076660156,17075.727757930756,408.0,204,408000,23.893564349578366,7.937688827514648,0.01702624186873436,0.30612653493881226
0.14259466822295339,0.0,-10.165055274963379,6.625142574310303,-0.08272136747837067,0.9963991045951843,-10.224340438842773,6.571575164794922,-0.08167513459920883,0.9966511726379395,-12.920397758483887,-0.1422080546617508,0.9854457974433899,999.7560975609756,410.0,-650.95458984375,-661.434326171875,123.81832885742188,130.69439697265625,17163.498685121536,410.0,205,410000,23.88790348178925,7.9030375480651855,0.0167243592441082,0.4084395170211792
0.14546082105423475,0.0,-9.772247314453125,6.800400257110596,-0.002499287948012352,0.9999961256980896,-9.701279640197754,6.775628566741943,-0.002496007364243269,0.9999939203262329,-12.920831680297852,-0.14151771366596222,0.9855671525001526,999.757281553398,412.0,-650.94384765625,-661.0758666992188,124.09441375732422,130.52728271484375,17250.436213493347,412.0,206,412000,23.8834540124691,7.7354230880737305,0.10717306286096573,0.2643547058105469
0.13703067339030664,0.0,-9.414705276489258,6.950719833374023,-0.3172915577888489,0.9446853399276733,-9.493523597717285,6.904694557189941,-0.24288858473300934,0.9493768215179443,-12.904027938842773,-0.14086784422397614,0.985670804977417,999.7584541062802,414.0,-649.8782958984375,-654.448974609375,134.7923126220703,132.89913940429688,17332.799703121185,414.0,207,414000,23.88535072758323,7.531878471374512,0.017180651426315308,0.4093705713748932
0.12908909295101373,0.0,-9.69937801361084,6.8670759201049805,-0.003346811980009079,0.999980628490448,-9.683313369750977,6.828827381134033,-0.002272389829158783,0.9997971653938293,-12.917367935180664,-0.14048443734645844,0.9855964779853821,999.7596153846154,416.0,-650.5540771484375,-657.5974731445312,136.13507080078125,132.97665405273438,17412.10569691658,416.0,208,416000,23.891424003569384,7.84724235534668,0.016729049384593964,0.4024571478366852
0.11921161154572088,0.0,-9.359376907348633,6.892788887023926,-0.0034178670030087233,0.9999183416366577,-9.326681137084961,6.849881649017334,-0.0043597412295639515,0.9998020529747009,-12.910715103149414,-0.13981346786022186,0.9857133626937866,999.7607655502393,418.0,-649.9501953125,-656.185791015625,137.17013549804688,132.95408630371094,17499.91135787964,418.0,209,418000,23.8858352737763,7.669236660003662,0.016912614926695824,0.2114364504814148
0.12654552784140155,0.0,-9.076486587524414,6.989110469818115,-0.0025152587331831455,0.9999814033508301,-9.012815475463867,6.947902202606201,-0.0009489186340942979,0.9995774626731873,-12.922444343566895,-0.13914768397808075,0.9858294725418091,999.7619047619048,420.0,-650.5695190429688,-657.445556640625,137.9324951171875,132.9405975341797,17599.898462295532,420.0,210,420000,23.863774038229305,7.620389938354492,0.10988879203796387,0.09727299213409424
